Actual,Predicted
0.376,0.8447577
0.4851333,0.36145657
1.4830333,0.46115232
1.4642999,1.3231548
1.4257667,1.2164712
2.1843333,1.0229627
0.8843,1.403008
0.9056666,0.5242957
0.8449333,0.5006634
0.8372666,0.56689245
0.7849333,0.65133077
0.88443327,0.70391345
0.83949995,0.8030701
0.8296666,0.9539349
0.80499995,1.1296847
2.2631667,1.1794922
1.5056666,1.8032343
1.4813,1.3310738
1.4488666,1.3752127
1.5308332,1.296701
1.0180333,1.188057
0.50659996,0.61823213
0.4452333,0.48967916
0.43159992,0.46240395
0.3381666,0.42239362
0.41353327,0.42753643
0.33869994,0.6475271
0.4153,0.72322047
0.34969997,0.9841687
0.4431333,0.7013786
1.1877667,0.5293257
0.4158333,0.45175326
0.33766663,0.3499413
0.35099995,0.34951746
0.3227666,0.36065596
0.40406662,0.37693894
0.3438,0.37238604
0.3529333,0.50204575
0.36983335,0.7072604
0.38099992,0.85021996
0.74543333,0.70940876
1.4462,0.73608637
1.0110333,1.210419
0.4606666,0.5909642
0.32486665,0.41914427
0.3882333,0.43589258
0.3867333,0.52580094
0.44023335,0.4752934
0.37943327,0.4856059
0.47446662,0.44009453
1.3490334,0.6593846
1.8294666,1.149831
1.0705999,1.5197074
0.3947,1.0875521
0.48429996,0.44507778
1.5425999,0.46597707
0.7933667,0.8266253
0.7035666,0.5296589
0.70163333,0.54988056
0.72493327,0.5909761
0.6062666,0.706967
0.79239994,0.68867195
1.4452333,0.8166475
1.6148334,1.27223
1.8318,1.4287938
1.2688999,1.6758375
0.35363328,0.9573888
0.33869994,0.33166558
0.38339996,0.35296208
0.42869997,0.36546952
0.3749333,0.36992556
0.35006666,0.41294754
0.56259996,0.5258238
0.80426663,0.91676503
1.2683333,1.0785797
0.37853324,0.9588205
0.3472333,0.40203393
0.35789996,0.38696617
0.4215666,0.43735695
0.41556662,0.4329716
0.34749997,0.36647797
0.3644666,0.34225333
0.34999996,0.33510625
1.0403666,0.40299517
0.52926666,0.5499451
0.3448333,0.59311974
0.3304333,0.85532963
0.35969996,0.9461252
0.9388666,0.6749616
1.2614334,1.0686947
0.61576664,1.0276331
1.9986,0.59877133
0.977,1.4283174
1.4853333,0.8526485
0.8605333,1.1246134
0.9906,0.57914215
2.8436332,0.61710453
0.70983326,2.1027875
0.36363328,0.97447664
0.3505333,0.6397305
0.35133332,0.5404184
0.43046665,0.39199483
0.38409996,0.35759854
0.34959996,0.38982695
0.4738,0.41816974
0.77529997,0.39462054
0.3889333,0.39964837
0.3508333,0.35957938
0.33629996,0.39614862
0.37316662,0.4544738
0.41573328,0.532298
0.3113333,0.6004572
0.34169996,0.67760307
1.2088,0.6862228
2.6106,1.1076479
1.5781333,1.7718377
0.50859994,1.6509883
2.5500998,0.70493376
1.1692333,1.82199
0.5044333,1.3917477
0.41509992,0.8321826
0.3370999,0.5600099
0.5240333,0.39707506
0.8862333,0.33831364
1.5693667,0.49059278
2.5912333,1.1728024
1.4329666,1.3077506
0.35856664,0.84902626
0.3565333,0.34711003
0.39083332,0.38173455
0.3836,0.35677266
0.36403328,0.30067015
0.3622666,0.3005467
0.35003334,0.3370967
1.5182333,0.3779682
1.5409666,1.046464
1.6359999,1.1910933
0.8335333,1.4053879
1.6141667,1.1681324
3.5630665,1.5165498
3.5252333,2.0167515
1.9146333,2.0060353
2.2805333,1.7130234
1.7898333,2.1896424
1.7991333,1.8512956
1.7934666,1.866797
3.7739,1.8567753
2.5307999,2.1660595
2.776,2.1453557
0.6179333,1.2152234
0.39186662,0.31402868
0.4122333,0.24858356
0.37496668,0.34190905
0.34389997,0.41425675
0.34063327,0.42641044
1.0999333,0.4635471
0.32629997,0.7408132
0.7714333,0.9485941
2.0927,1.4720201
1.4167,1.6567998
1.3820333,1.2188908
1.3711667,1.1359178
1.3226333,1.1421387
0.9827666,1.0058701
0.37519997,0.49161333
0.3417666,0.27522743
0.32989997,0.36314446
0.3529333,0.3711161
0.36999995,0.3866471
0.53889996,0.46672696
2.1568332,0.78721166
2.6444666,1.9595604
2.3927999,1.9664162
1.4211999,1.712417
0.3603,0.9697451
0.3779,0.21895844
0.33353335,0.23107594
0.30459994,0.31983626
0.37926662,0.36305076
0.3393333,0.4052602
0.2929333,0.62467057
0.89676666,1.0137706
1.1859,1.3809981
1.9222333,1.2376378
1.9374666,1.4982008
1.8925333,1.695514
1.4468334,1.6277082
1.3913,1.2088253
1.3236333,1.1645547
1.3724,0.99797136
1.3889666,1.0043572
0.75433326,0.9688501
0.5214,0.46093976
0.70409995,0.685869
1.3919666,1.281494
1.9786334,2.0945258
1.4030666,1.7221637
1.1828666,1.2073059
0.5607,0.8158941
0.3613333,0.4197845
0.29863328,0.3557744
0.37863332,0.33833057
0.8437666,0.34220958
0.56999993,0.42170566
0.2920333,0.45797747
0.6113666,0.81700516
1.5195333,1.3691134
1.2416333,1.442013
2.3683,1.1853718
2.1899667,1.722975
1.5189667,1.5400041
1.4798666,1.2931535
1.4567666,1.2273568
2.4275334,1.0959756
1.9370999,1.5568383
0.45446664,1.4262882
0.58453333,0.4692875
0.7685666,0.87301177
1.3298333,1.4685447
1.8826332,2.2280838
3.1247,1.861032
1.8031666,1.7567184
0.64513326,0.5280566
0.34649998,0.4117092
0.38966662,0.34061706
0.3370999,0.38040382
0.61749995,0.34852624
0.7809,0.3867467
0.32326663,0.47038412
0.5271999,0.6630552
1.2249333,1.1229405
1.7262332,1.3447027
1.3930666,1.4860327
1.3164667,1.16204
1.4319667,1.0688322
1.4989333,1.1798483
1.2481666,1.2355229
0.45546663,0.82933366
0.53159994,0.31909692
0.3471666,0.3997966
0.4518,0.35380107
1.2336999,0.73255396
1.8178666,1.8034492
1.4060667,1.9512194
0.9249333,1.4260532
0.87866664,1.0831621
0.445,0.72515786
0.3311,0.37452757
0.32666665,0.31103855
0.34289998,0.3260429
0.3604666,0.3261147
1.0356,0.3404131
0.36173326,0.59741956
1.2250667,0.62827075
2.0432668,1.5077335
1.7176666,1.676627
1.8629999,1.5588232
1.3217666,1.553454
1.3786333,1.1688955
1.6298333,1.0834478
0.6733333,1.2354372
0.66779995,0.5956404
1.3448666,0.4864933
0.9093666,0.92759955
0.36963326,0.61686474
0.56259996,0.52651745
1.4755332,1.1099792
2.2909665,1.7504551
2.2999666,2.0552125
1.5582333,1.6909981
1.3100666,0.86359423
1.0309333,0.8391402
2.1358333,0.70113564
1.2078999,0.96105283
0.9025,0.4348765
0.31919998,0.36042422
0.39076662,0.24476236
0.33366662,0.38733363
0.3592,0.5900886
0.5013333,0.7813537
2.422233,0.9934661
2.6937666,1.4602411
2.1388998,1.7514117
1.4612999,1.7131182
1.4432666,1.265543
1.4542999,1.162887
0.6082333,1.0420077
0.3537333,0.52086806
0.3550666,0.5735196
0.37759995,0.69610274
0.3263666,0.8066174
0.42189997,0.72864926
3.2730331,0.6901934
0.5933,1.4649049
0.45269996,0.61839366
0.4184333,0.4680798
0.5043333,0.4257136
0.4051333,0.49696678
0.40429997,0.31299978
0.33389997,0.27113736
0.34136665,0.2930622
0.91186666,0.38260025
0.57869995,0.63099897
0.4759,0.80374056
0.72063327,0.91848075
2.5889997,1.1367469
2.0800667,1.9156317
1.5216999,1.646826
1.5006,1.5011934
1.6730332,1.3067919
0.9791,1.4122462
0.55966663,0.7745862
1.0072,0.48161304
0.9243666,0.7900485
1.8075,1.2735087
2.4892,2.055848
2.3592668,2.3871036
1.1152333,1.935317
0.408,0.5177529
0.42329997,0.39151394
0.34986663,0.49763745
0.4104333,0.43543506
0.3747,0.43288314
0.35899997,0.44912994
0.8362,0.5987196
0.63299996,0.84093976
1.8666666,1.2904019
1.4740666,1.5499194
1.3697,1.2195996
1.4806,1.152102
1.4475999,1.1708261
1.1581333,1.1484374
0.3968333,0.6456901
0.6421666,0.27774405
0.40619993,0.51601416
0.4270333,0.43496746
0.4197333,0.45452064
0.43106663,0.5747515
1.1695,0.7429733
2.4106667,1.4505945
2.9157,1.9205469
1.6507,1.8406041
1.412,0.9960648
1.4787667,0.799181
1.4476333,0.8387152
1.4576666,0.7849386
0.39539993,0.6349194
0.40703326,0.33816504
0.30839992,0.36364752
0.7299333,0.71737194
2.1199,1.5616411
2.2431998,1.5986936
1.5963666,1.7839818
1.6475,1.4356846
1.6040666,1.3741773
1.2644,1.4557521
1.0310999,1.023251
0.46913332,0.9722093
0.48549992,0.5003664
0.76016665,0.5182702
0.8795,0.83757156
1.1376333,1.1395074
2.0624332,1.9252807
1.0880666,2.1167614
0.55586666,1.7598779
0.44419998,0.79825395
0.57559997,0.5803273
0.32639998,0.5844808
0.98616666,0.4400683
0.50146663,0.39442688
0.35089993,0.31513548
0.31489992,0.3285929
0.31976658,0.4756829
0.9449666,0.98036796
2.4613333,1.8002069
2.1047,1.8388188
1.6658,1.697595
1.5169666,1.5998855
1.9225667,1.4955499
1.8470333,1.767906
1.4408333,1.6240659
2.9855332,1.1157777
1.8541999,1.6168994
1.4608667,1.4259257
3.0760665,1.1600353
0.6869333,1.5979456
0.54116666,1.0773724
1.7231333,1.4249455
1.7869,1.9038947
1.561,1.3469279
1.5440333,1.0497153
0.34719998,0.85166764
0.36429995,0.30978048
0.33889997,0.30211025
0.3557999,0.30859643
0.34986663,0.33219165
0.31869996,0.40587294
0.36946666,0.9352337
0.30286664,1.4201272
1.4711334,1.3406067
0.36616665,1.3363582
1.4741,0.5206647
1.9577667,1.2354227
1.9802,1.580123
1.4075667,1.6009414
1.4837333,1.0449655
1.0083333,1.0393132
0.6708,0.5789521
0.8897333,0.65335816
2.9792333,1.3150078
1.3617333,2.427198
1.8060999,1.6483461
1.875695,1.8290396
2.0181334,1.203882
0.4086666,0.86859417
0.37629998,0.34495914
0.39723325,0.36016047
0.38223332,0.3449217
0.385,0.3564875
0.3795333,0.39304888
0.3363666,0.581614
1.0338,1.0899932
1.6064333,1.3943231
2.3067,1.6240296
2.3980331,1.839499
1.4895666,1.8840466
1.5108666,1.3574606
1.6402667,1.3170394
1.5645,1.2640415
1.5472,1.230237
1.5001667,1.1148994
1.5976,1.1229411
1.5977333,1.3512688
1.7295666,1.5012695
1.8975666,1.6685457
1.6372666,1.8228617
0.6121333,1.4713228
0.38326663,0.635983
0.39309996,0.35437703
0.3943333,0.3398363
0.35399997,0.415641
0.37963325,0.40936083
0.34586662,0.3666618
0.36079997,0.3930012
1.1044333,0.48625916
0.63983333,0.6923883
1.9829333,0.86634314
1.8605,1.5401123
2.0170667,1.6084859
1.2804333,1.6785448
0.5046333,1.3836008
0.7856333,0.873211
1.6464666,1.0106682
0.88546664,1.4563991
0.5612333,0.83655125
0.5042666,0.7804533
0.5530666,0.9102557
0.8153,1.1497228
1.9753,1.2915368
3.0841665,1.8238444
3.7895665,2.266433
2.7681,2.4858556
3.8198333,2.2760313
1.8755333,2.7863386
1.7676666,1.6406713
1.9566667,1.3451911
1.4462,1.1908506
0.34993327,0.66213816
0.43076664,0.33401358
0.34326667,0.4800284
0.3752666,0.6192733
0.48969996,0.78086364
1.7531999,0.9010094
1.4902333,1.5676639
0.6514666,1.5928998
0.6923333,1.1690099
1.9094666,1.18342
3.4861665,1.8075341
1.1775,1.930716
0.47859997,1.0832751
0.5519666,0.81177044
1.0913,1.0794058
3.1688666,1.5985656
2.5771666,2.7932541
2.7816,2.255381
2.5823,1.733539
1.5799333,1.2350969
0.97659993,0.9427364
0.38189995,0.37920088
0.41259998,0.3286764
0.33506662,0.3655029
0.41569996,0.40403008
0.33133334,0.6002016
0.8424333,1.138708
1.9666,1.7672001
1.4820666,1.6615734
1.4857666,1.3580877
1.5221666,1.2556437
1.4601333,1.2478789
1.5701,1.1684817
1.4873999,1.277986
1.415,1.0724388
1.4703333,0.98121905
1.6582333,1.017828
1.6084666,1.3000649
0.6601333,1.2429746
0.80436665,0.73343515
1.5936,1.4642442
1.7509334,1.8394791
1.0803,1.5125165
0.4251333,0.53762853
0.34479994,0.3474607
0.40569997,0.3949225
0.34166664,0.3994804
0.40906668,0.42403054
0.9974,0.42819273
0.44229996,0.6391096
0.8207333,0.9478845
1.8852,1.4557525
1.4528666,1.5818416
1.4544,1.2981489
1.5288999,1.2305154
1.5529,1.1815888
1.4756,1.3278115
1.4676666,1.2203628
1.1409,1.1674595
0.6998333,0.7734685
0.7251333,0.6526915
0.6493,0.73406816
0.6107333,0.8327606
0.85599995,1.0736803
1.9862666,1.5490555
1.1105,1.8196273
0.7884333,1.2141372
0.5401,0.71560967
0.5312,0.43088812
0.8957,0.4525792
0.7556666,0.51200545
0.49103332,0.4512564
0.45836663,0.41860652
0.4892,0.5668879
0.5987666,1.0492488
1.2334,1.5534446
1.7,1.4870402
1.8224666,1.4388958
1.4854666,1.5573826
1.7189667,1.3154746
1.5488334,1.6245873
0.3450333,1.3507247
0.9004333,0.42699957
0.9435333,0.7275026
0.39919996,0.7481116
0.412,0.5430563
0.5127333,0.74597025
1.0709666,1.1591848
2.3200998,1.3358876
1.1143667,1.6327416
0.77449995,1.2667217
1.2572666,0.6203577
0.40386665,0.52012515
0.4395333,0.35243845
0.39043325,0.34398752
0.42056662,0.36113656
0.32883328,0.37485516
0.4045666,0.45210636
0.60199994,0.812395
1.7003666,1.4840003
1.7837999,1.4817302
1.4224333,1.5093083
1.4856333,1.1700354
1.4456333,1.2343551
1.4332666,1.1715046
0.8744333,1.0772289
0.68539995,0.4940644
0.3669666,0.6008323
0.45866662,0.37430793
0.41686666,0.46759367
1.4747334,0.651368
0.8403666,1.2398306
0.44336665,0.86130524
0.42689997,0.7577251
0.41386664,0.62090695
0.56913334,0.4724183
0.41063333,0.54879236
0.82093334,0.40299785
0.6970333,0.37599552
0.4191,0.3629554
0.34316665,0.3181256
0.41146666,0.49863297
0.408,0.84580815
1.4021,1.2353818
2.0987,1.4632761
2.0111,1.6802948
1.5535333,1.5813756
1.549,1.3479854
0.8231666,1.237448
0.3903333,0.645416
0.65739995,0.4339096
1.3532,0.6724436
0.5370333,0.8122122
0.35859996,0.46298867
0.44763327,0.5679633
0.88009995,0.92752874
1.7375667,1.1463438
0.9084333,1.435067
0.909,0.79779774
0.4460333,0.7193917
0.4557333,0.3571167
0.49613327,0.4192844
0.95489997,0.44282395
0.5759666,0.50508875
0.46346664,0.40202856
0.42506665,0.4046681
0.8622333,0.58902735
1.8893332,1.0708818
2.1137667,1.5652286
2.0202,1.50181
2.1044333,1.6923137
2.9777331,1.702146
2.9287,2.3411083
1.3232334,2.2059045
1.7196333,1.2041236
1.7081666,1.5094647
1.6239667,1.4505594
1.3736666,1.4312196
0.54859996,1.1253779
1.6358666,0.51139295
2.6047666,1.2944701
1.8646333,1.9704189
1.6266334,1.2921467
0.63269997,0.64894366
0.65059996,0.4426363
0.5380666,0.48544645
0.36603332,0.5007945
0.4388333,0.39724773
0.39053327,0.3262297
1.0787,0.37127668
0.4126333,0.61081135
0.57219994,0.67694235
0.5780333,1.0171198
2.0380666,0.96129864
1.4191666,1.468434
1.3234,1.3872924
0.6875,1.4914272
1.4910667,1.0355799
1.8497334,1.3430012
1.7885666,1.6075902
1.7826333,1.5069405
0.91326666,1.4192209
0.6145666,1.1145179
0.66096663,1.0333817
0.7431333,1.3052405
1.9589334,1.2103606
1.5712,1.346673
0.92476666,0.79223585
0.4747666,0.562016
0.47303325,0.3739524
0.46336663,0.4803108
0.42996663,0.47006083
0.39939994,0.44571972
0.43259996,0.5242271
1.0445333,0.89267516
0.5814666,1.2647299
0.83453333,1.1676971
0.66859996,0.97660524
1.2894666,0.715228
0.5929,1.2250043
1.4928666,0.6532433
0.4771666,1.0342633
0.4527666,0.42700183
0.40053326,0.4351796
0.9590333,0.46097416
1.6942666,1.0572214
1.7058333,1.3501382
1.3048,1.9035349
2.2538333,1.446907
2.447,1.8392527
1.1054666,1.4066467
0.37733328,0.5846987
0.32733327,0.23761821
0.38263327,0.30080503
0.32979995,0.31008917
0.36573333,0.33830768
0.3440333,0.37268847
0.3430333,0.5766842
0.5341,0.84037703
1.6887333,1.1101413
1.7139666,1.4611113
1.5015666,1.464638
1.5305333,1.1635804
1.4275666,1.3240557
0.7964666,1.074503
0.34989995,0.37258387
0.33699995,0.25537992
0.34719998,0.27361184
0.47529995,0.29134113
0.5867666,0.47742516
0.4913333,0.7887492
1.3298666,0.8798457
1.9245,2.086298
1.8885999,1.6445944
0.59673333,1.3711343
0.36439997,0.2943045
0.34229994,0.19732028
0.33646667,0.26432294
0.35009992,0.3077138
0.32629997,0.3195613
0.33913332,0.35444772
0.33626664,0.50334
0.8395333,0.9423887
1.5743667,1.1682171
2.3483,1.2794375
2.3270667,1.5332137
1.6331666,1.4952315
1.6315,1.2117906
0.76166666,1.3211546
1.4149,0.8387338
0.3886333,0.9377242
0.38826662,0.39577162
0.33896667,0.3932079
0.41539997,0.4532407
0.58739996,0.66431177
2.6901999,1.1029166
2.1697998,1.9691422
0.7276,1.3897895
0.5349333,0.9706829
0.32913333,0.48228693
0.3127666,0.30271548
0.30916667,0.34185266
0.31579995,0.2891057
0.62466663,0.28628784
0.66819996,0.34495902
0.2779333,0.3952657
0.5009666,0.60723114
1.0825,1.2041808
1.6715667,1.2460705
1.6833333,1.4268124
1.3379667,1.4476168
1.3550333,1.0312111
1.5419333,0.9343113
1.7148333,1.1131002
0.4535333,1.1268765
0.7421,0.33418608
0.31419998,0.49893808
0.47213334,0.28928393
0.62006664,0.602144
1.0631666,1.1328806
1.8887999,1.5142486
1.4042333,1.8809177
0.8867333,1.1899078
0.81406665,0.6431496
0.5976,0.3207146
0.3832333,0.36377978
0.30699998,0.32007575
0.3154,0.25678158
0.25553334,0.27621436
0.27203333,0.35267723
0.99726665,0.8392533
1.3094,1.6269995
1.5994333,1.4029168
1.8097333,1.4371501
1.5336,1.5782254
1.2612333,1.3257619
0.79789996,0.9709971
0.7848333,0.8689766
0.9882333,0.8673456
1.3664999,0.57096523
1.4591333,0.72240496
1.3106667,1.0155035
0.88736665,1.0085466
0.7254333,0.8977911
0.60276663,1.1247455
0.8782333,0.92209727
1.5304,0.9834614
1.3298,0.57404506
0.5915,0.56989956
0.4802,0.40727848
0.32739997,0.42466152
0.30016667,0.3570277
0.23386663,0.3918494
0.3094666,0.42001867
0.5893666,0.47988254
1.8147333,0.8138107
1.426,1.4416614
1.3294333,1.276015
2.6568666,1.3319578
1.0861332,1.851181
2.0979667,1.2086593
1.6629666,1.7543206
2.0310333,1.4452479
1.0608,1.4618145
0.87009996,0.7466365
1.2503667,0.71233803
3.4120002,1.547044
2.4054666,2.886698
1.6508666,2.4966342
2.2382998,1.3929485
2.0489,1.6183696
2.2895665,1.4620094
0.87799996,1.3137777
1.4238999,0.52173567
0.525,0.81879354
0.4649666,0.3876354
0.44919991,0.3794279
0.4757666,0.40805256
0.4659,0.5032465
0.7262666,0.6604146
1.3738667,0.8986629
0.63256663,1.3767886
1.6635666,1.0727159
1.3511333,1.5266879
0.82589996,1.4730192
0.7817333,0.94074994
0.40626663,1.0826478
1.6644666,0.68127835
1.0024999,1.342582
2.586,0.98961943
1.8243666,2.153788
2.1343,2.0117803
3.0043666,2.189117
2.2819667,2.387054
0.4955666,1.5134171
0.32409996,0.30905998
0.2886666,0.24726176
0.26569998,0.30099726
0.29439998,0.3456524
0.26416665,0.3733608
0.2815333,0.3887794
0.2660333,0.61250263
1.2971333,1.117555
1.8049667,1.5734993
1.8329333,1.5672342
1.3662,1.4890717
1.3382332,1.1730409
1.3549666,1.0464523
1.0731666,1.0558213
0.32886666,0.6054648
0.27386665,0.21663511
0.4859333,0.22686762
1.585,0.4653772
1.1943333,1.1290588
1.7174332,1.2898989
1.2717999,1.6095186
0.6001333,1.6658602
1.2517333,1.2523584
1.4027,1.2746228
0.5011333,0.8915336
0.30033326,0.3812425
0.31336665,0.3001917
0.25216663,0.3026051
0.31046665,0.33233976
0.23159999,0.3747264
0.30003327,0.6071288
0.61436665,0.83438826
1.6050333,1.3475947
1.9330666,1.4236937
1.9972667,1.5543194
1.3527334,1.4536623
1.3441666,1.0652888
1.6768667,0.99942625
1.6020666,1.3510295
1.4453666,1.1529589
1.4784666,1.0197978
0.9093333,1.0696065
0.3416,0.5093698
0.3523333,0.38291115
0.38549995,0.65733933
0.58949995,0.8235705
0.5218333,1.3045657
0.65029997,0.828474
0.6416333,0.7112137
0.32029992,0.53337735
0.75979996,0.33760536
1.1001667,0.5487921
0.24943328,0.37515068
0.28026658,0.21220684
0.26079994,0.29545665
0.64659995,0.5806712
1.7422333,1.1729926
1.3471333,1.483231
1.3300333,1.1565831
1.137,1.1952486
0.7223333,0.8128747
0.41356665,0.7844775
0.4407,0.4809097
0.2714333,0.52501136
1.0623666,0.37242794
0.3022666,0.5963875
0.31003326,0.30670053
0.2800333,0.45447773
0.3494333,0.6777518
0.9114333,0.79441833
1.2372999,1.0129901
0.6118333,0.91218483
0.26179993,0.44802272
0.52346665,0.29477286
0.2558666,0.4751523
0.30589998,0.33308262
1.0056334,0.30824733
0.21769994,0.3533712
0.30886662,0.32161516
0.9371333,0.5661408
1.7112334,1.2491474
2.2531,1.4238702
1.8671,1.6807195
1.3756,1.2785757
1.3288666,1.0119864
1.9338334,0.9686585
2.3048,1.3315115
1.3756332,1.4558331
1.3578666,0.92541206
0.2958333,0.85022324
0.30856663,0.11966276
0.3989666,0.2888046
1.2475666,0.6177725
0.39553332,1.5912085
0.6004,0.89736164
0.5785667,0.8735154
0.3484,0.63150406
0.3002,0.39114898
1.3538333,0.3628
0.3077333,0.61218274
0.2564333,0.19740736
0.2801333,0.21792156
0.33456665,0.3558218
1.2161666,0.7125273
1.6454333,1.449433
1.5706333,1.2976766
1.8476334,1.3699977
1.3328667,1.3492744
1.1925,1.0105278
0.5806333,0.7327176
0.9876333,0.5727379
1.0285333,0.8093904
1.3963666,0.49655426
1.4777,0.7935834
0.80259997,1.0292084
0.4960333,0.38335812
0.3717333,0.5683078
0.44549996,0.7585031
1.8008332,0.9066703
1.3293333,1.0963607
1.3208666,0.7295502
1.9819334,0.9820224
0.93619996,0.7886911
0.35656667,0.36714613
0.26943326,0.32216668
0.36429995,0.3183313
0.31786662,0.33315915
0.6622666,0.4083447
1.5862334,0.6816578
1.4944,1.1640998
1.4394,1.2403145
1.1425667,1.2531683
1.6338,1.3276894
2.3738666,1.5189058
0.9036,1.7606514
1.3759,1.0516832
1.2071667,1.2330184
2.0770667,1.1695503
0.90016663,1.34444
2.0113,0.8727181
1.8069,1.5577806
1.7312999,1.4418063
0.6489333,1.0734448
3.0245667,0.6021744
3.2483335,1.340229
2.7726,1.1057353
1.3972332,0.7174542
0.41640002,0.43918437
0.4262333,0.26336372
0.3810333,0.23593867
0.40376663,0.31245118
0.3208,0.35515887
0.44106662,0.44786543
0.42256665,0.68057525
1.3165333,0.7107333
0.79209995,0.99835575
0.34289998,0.88833815
2.4814334,0.6872024
1.9768,1.645548
1.5261333,1.4480273
1.4523,1.1756749
2.7384,1.1607548
2.6080332,1.3452624
0.5265333,1.4634286
0.4087333,0.83625966
0.49969995,0.7896161
2.1411667,0.83277595
2.5723,1.8395853
0.7484333,1.6073835
0.26736665,0.4582581
0.3768,0.30727577
0.31323332,0.39802134
0.36626667,0.42651576
0.3106333,0.4192081
0.28093332,0.5046766
0.7907666,0.8686602
1.7549,1.5267677
1.7765,1.5241506
1.8903667,1.4629976
0.80003333,1.3698351
0.35166663,0.56047994
0.4172666,0.4022398
0.4156,0.582645
0.29886663,0.53200084
0.3490333,0.37983543
0.32840002,0.3669092
1.0390999,0.386168
0.6155666,0.6259103
0.9401333,0.88503677
1.068,1.7494587
0.90306664,2.040648
0.83299994,1.5424528
0.38053328,0.85274434
0.6259,0.33994436
0.8197,0.35301697
0.24729997,0.33552593
0.33536667,0.30174398
0.31123328,0.3303914
0.34163332,0.45501018
0.4868666,0.71168053
1.8495667,1.1462368
2.2103333,1.4995066
1.9911666,1.7529542
1.4520667,1.5034686
1.4518666,1.0958164
1.3901999,1.1624222
1.4037666,0.9960315
0.32176661,0.98543805
0.4450333,0.21641934
0.5609333,0.390009
0.62436664,0.60392725
0.72816664,0.68802536
1.4203666,0.9507042
1.0440999,1.8982348
1.4154999,1.0685406
0.56819993,1.3884419
0.6551666,0.55925226
0.35376662,0.518601
0.39729995,0.37869507
0.26053327,0.3439663
0.37333333,0.32750595
0.32016665,0.3441515
0.38426661,0.44465935
0.89316666,0.8711912
1.9535999,1.5868502
1.3556333,1.5523328
1.4013333,1.2396104
1.6438999,1.1348687
1.6740999,1.3175708
0.50933325,1.029954
2.4123998,0.53971326
0.8645333,1.458843
0.94403327,0.97510046
0.36223334,0.84487396
1.4379666,0.56513715
1.5563333,1.2650623
1.2358333,1.56704
1.9178667,1.4948506
1.5139666,1.270747
1.1477666,0.79894346
0.66466665,0.7838472
0.4042666,0.47914398
0.32686663,0.35669053
0.3173666,0.32817346
0.32373333,0.32133198
0.74999994,0.35827547
0.6821666,0.4824267
0.5538333,0.87498134
1.4263,1.4077277
1.7923334,1.399888
1.3549666,1.5128634
1.4777999,1.0356183
1.3936999,1.1355032
1.4353333,1.0768527
1.1014333,0.98262954
0.3748333,0.53898424
0.32436663,0.15758497
0.37913328,0.226506
0.44023335,0.40753645
0.6838666,0.78475225
1.0551666,1.2937009
1.7362332,1.7291598
1.0708666,1.2942168
0.52493334,0.70791805
0.32343328,0.38953698
0.34019995,0.2502511
0.37909997,0.28229445
0.31623328,0.36382288
0.30169994,0.27118844
0.33203328,0.32669502
0.25186664,0.4591955
1.6246667,1.0552622
1.8760333,1.456697
2.0137,1.6091444
1.8483,1.685867
1.4251332,1.6346465
1.4143,1.0800638
1.7594333,1.0543585
1.3205333,1.2771735
0.46469992,0.9591756
1.0055333,0.42591602
1.1049333,0.5455947
0.5202333,0.61481524
0.47306663,0.7404854
1.7516667,0.9633064
0.58379996,1.8992343
1.1657,1.4754153
1.0965333,0.9232765
1.1417999,0.75790477
0.9745333,0.8062218
0.42356664,0.42083186
0.80253327,0.33954406
0.31856662,0.3526647
0.34243333,0.30980772
0.32339996,0.3507874
0.60636663,0.4682064
1.6914666,0.7814993
1.7133332,1.3937665
1.3865,1.377353
1.3559,1.25434
0.92099994,1.250993
2.1129332,1.0465504
1.5753666,1.6661943
0.9934333,1.3437338
1.7003666,1.0953661
1.6876333,1.3038759
1.7315593,1.4124582
2.1147332,1.6059093
2.5191998,1.8552039
1.6606,1.9144158
1.8441,1.4269156
2.3567667,1.3310958
1.7577,1.6495769
1.2083333,1.2162507
0.30836666,0.80657893
0.6055333,0.29545808
0.48736662,0.42554837
0.89129996,0.33392376
0.27239996,0.36720657
0.3261333,0.3957284
0.54859996,0.6004207
0.43473333,0.9889979
0.58586663,0.9273472
2.9332666,0.9688389
2.7022,1.5853966
0.9603666,1.6090524
2.1597667,1.3192703
2.0390668,1.7133468
0.64119995,1.4401834
0.49269998,0.6353233
1.1057333,0.6066706
1.1539333,1.1650765
2.0302668,1.1719898
1.2484,1.7571692
2.5643334,1.8688903
1.6214,1.8643026
0.5846666,0.8026123
0.63946664,0.29111183
0.34706664,0.4799866
0.86506665,0.43253887
0.33263332,0.39823514
0.32459998,0.40078235
0.2909333,0.5349136
0.5817666,0.9822615
1.5130666,1.5032073
1.4300666,1.3561217
1.4076667,1.1669996
1.3794,1.0945905
1.3752333,0.924247
1.8709667,0.91578615
1.0939666,1.4758079
0.3831666,0.59456265
0.2915333,0.30876207
0.33483332,0.2574287
0.24786663,0.33830893
0.38699996,0.452851
0.7758333,0.7105864
1.6178334,1.4846525
1.3603333,1.5127842
0.8282,1.8460922
0.6212333,0.82084906
0.41093332,0.584934
0.28603327,0.38912588
0.29613334,0.3578425
0.2891333,0.32936668
0.7506666,0.3388033
0.6535666,0.47273195
0.6048666,0.73590004
0.8026666,1.1122181
1.3307333,0.96324044
1.4201666,1.111759
0.7739333,0.9638175
1.2811667,0.50111085
1.1593,0.8740348
1.5242666,0.6709665
1.3928666,1.0801258
0.6715333,0.9016413
0.2944333,0.26611227
0.3504333,0.17929012
0.3067333,0.3640182
0.76013327,0.5978345
1.6182666,1.3277982
1.2554333,1.2793763
1.2378,1.1769476
0.92823327,0.8971845
0.9155333,0.6877594
0.8949666,0.70731306
1.3116333,0.65514255
0.79836667,0.6378282
0.7678666,0.5674007
0.7974,0.68575555
0.7928333,1.1241796
0.7041333,1.5062332
1.9575667,1.0490828
1.9336333,1.4622017
1.5199666,1.4901388
1.3836999,1.2817168
1.4195333,1.2254715
1.6327333,1.0193639
0.8742,1.3323783
1.5512667,0.51900953
1.4775666,0.9024514
1.3177333,0.8751
1.3527334,0.9967827
0.34276664,1.259252
0.81069994,0.8937284
2.2539668,1.6083272
1.8434999,1.1992892
0.8139,0.68523854
0.36346662,0.47213405
0.36199993,0.3127736
0.34593332,0.33962637
0.28516662,0.3197664
0.3514666,0.34522325
0.33266664,0.3832987
1.4129,0.6353303
0.8750333,1.0848222
0.8910666,0.9609465
0.30073333,0.7356372
0.8371666,0.49149394
1.4384999,0.68017685
1.3938,1.0537397
1.6693332,1.0184264
0.61076665,1.2282915
0.34976667,0.34101498
0.31189996,0.1730628
0.28476667,0.23755878
0.31863332,0.37762648
0.3109333,0.58607244
1.7558665,0.8409997
0.8603333,1.5944204
0.7944666,0.9867135
0.67696667,0.7483349
0.6461333,0.55977815
0.72633326,0.37947768
0.25779992,0.30583
0.32573324,0.23342562
0.24229991,0.254923
0.3099,0.43101966
0.53449994,0.6785436
1.2368,1.1338264
1.9224333,1.1607765
1.5577667,1.624628
1.8108666,1.3542066
1.6994667,1.460039
1.4279,1.4895031
1.4851333,1.0378841
1.0346,0.9293221
0.27303332,0.62084043
0.45233333,0.26261675
0.9873666,0.53336215
0.49536663,0.6489445
0.63906664,0.65023196
1.7505667,1.2969134
1.0088999,1.5071456
0.9618,0.9690449
0.41916662,0.74009585
0.63009995,0.34082365
0.8098999,0.5454323
0.49976665,0.4033937
0.36823326,0.32456452
0.27953327,0.27893806
0.35813332,0.35257357
0.34126663,0.44293797
0.47846663,0.6811631
0.8383,1.0036075
1.6233333,0.97997606
1.8915666,1.3814223
1.8121667,1.6132185
0.50933325,1.4958414
1.6336999,0.69452226
0.8814333,1.3183975
0.5696,0.8157756
1.7640667,0.56714875
1.0338666,1.3103093
0.39083332,0.8183001
0.37726665,0.6160252
0.6906667,0.7466476
2.2919667,0.9819549
2.4079332,1.4894518
1.1222333,1.5846645
0.57336664,0.7462758
0.37683332,0.4265247
0.25446665,0.33560008
0.36043328,0.3302015
0.23099995,0.30084503
0.35213327,0.2643295
0.23056662,0.28719068
0.3374666,0.40223312
0.9848666,0.7130579
1.0292666,1.1117238
1.4976333,1.1120592
1.5338666,1.3508964
1.7916999,1.3430753
1.5012333,1.6373034
1.4319999,1.2840486
0.40139997,1.2101113
0.5437,0.42887348
1.9162333,0.49871826
2.6058664,1.6488831
3.0546002,1.9386177
2.1052666,2.1936984
1.7862333,1.9805295
1.7300667,1.5978885
1.2456334,0.73924303
0.27436662,0.37085462
0.35246664,0.34395343
0.9393333,0.32479095
0.34919995,0.43395644
0.2452333,0.32282305
0.35853326,0.38845247
0.27716666,0.6476854
0.97889996,1.124783
1.4782666,1.4762561
1.4552667,1.3429115
1.2895333,1.1301755
1.4134667,0.9722555
1.1165999,0.9672601
0.66029996,0.6604084
1.5395,0.65830207
2.51,1.1978415
0.37949997,1.6829109
1.3743999,0.4393856
2.5162334,1.2243267
1.9449333,2.1031685
1.8373333,2.239894
1.3320999,2.1581943
2.3345666,1.4760964
0.72429997,0.96439904
0.3347333,0.48098195
0.2700333,0.3377177
0.28679997,0.33907074
0.27759993,0.33225805
0.28636664,0.3308456
0.25856662,0.477008
0.6381999,0.87795424
2.0321999,1.2416703
1.7978666,1.6609704
1.8582,1.4180055
1.75,1.4775661
1.1740333,1.3623397
0.64536667,0.86473453
1.3182666,0.5106711
0.83856666,1.2357136
0.6611999,0.99869215
0.45916665,0.73313415
2.0802667,0.6683856
1.5902,1.3177166
1.0885999,1.6348852
1.0753334,1.7498238
1.2507333,1.9234575
2.2101333,1.9805284
1.1607,1.0302209
0.30716664,0.5654392
0.25519997,0.24722785
0.28943324,0.2817815
0.28409994,0.30786347
0.27876663,0.3311031
0.2667333,0.40407163
0.51913327,0.67999184
1.5605999,1.1131407
1.3922,1.4192278
1.4414333,1.2310048
2.0485334,1.131704
1.5051333,1.2652996
1.2449,1.119364
0.29919994,0.75708175
0.37499994,0.29398197
0.37109995,0.34403723
0.31389993,0.34233522
0.55473334,0.4974113
1.7482667,0.8078385
1.9591999,1.4618567
1.2290666,1.3234562
3.9411001,1.6344815
1.4779,1.5937756
0.37159997,1.3293389
0.35139996,0.40280473
0.3404333,0.39717954
0.41459996,0.367503
0.52519995,0.3275692
0.7032666,0.3747698
0.3877666,0.5203994
0.42356664,0.6221341
1.3824666,1.1089308
1.7109332,1.3499483
1.4129666,1.3257288
0.9029666,1.1026886
0.36943328,0.5315922
0.37086666,0.24388951
0.37189996,0.30265844
0.32403332,0.37143505
0.36969995,0.3591923
0.3358333,0.40322477
0.42543328,0.4634295
0.68789995,0.67559505
1.5256,0.94673634
1.2801,1.3641005
1.4406667,1.751608
1.8170667,1.9178789
0.38889998,0.9616781
0.29856664,0.21627629
0.30659997,0.16351956
0.28383327,0.22588843
0.33946663,0.26923954
0.33766663,0.28665912
0.28426665,0.38111615
1.0408666,0.8212204
1.4192333,1.3715343
1.1743333,1.192715
1.4962332,1.0229235
1.4313667,1.1265588
1.6219332,1.0517787
1.9613667,1.3503891
0.97246665,1.6673918
0.28336662,0.4841628
0.2704333,0.19743109
0.31913328,0.26683056
0.3674,0.39364016
0.2843666,0.6848184
0.3055666,0.7319403
0.3292666,0.83500445
1.3311,0.96899635
1.4952667,1.1919446
0.3698666,0.83142006
0.36583328,0.1661644
0.28766662,0.18230003
0.2933333,0.25858492
0.35933328,0.27523714
0.31559998,0.24715877
0.8613666,0.34101385
0.47143328,0.56451195
0.5001333,0.5902248
0.32813329,0.9267777
0.8945333,0.81477785
1.8389333,0.9459884
0.8350666,1.5422239
1.4449999,1.0860859
1.0642333,1.2178236
0.4320333,0.8594876
0.4317333,0.49183542
0.8637666,0.5632856
1.4527667,0.7718679
1.4154667,1.1806809
0.3550666,1.211255
0.35446662,0.45200878
0.30496663,0.5490427
0.34743327,0.4855852
0.5420333,0.35553694
0.35313326,0.4309187
0.53669995,0.31705904
0.8454666,0.48443794
0.3637666,0.4520979
0.3059333,0.27772504
0.28729993,0.31516534
0.3289333,0.31135535
0.48409998,0.31310034
0.33186662,0.6104089
1.5325333,0.5900513
1.0245999,1.2596138
0.5531333,0.9627985
1.0511999,0.77143896
1.6409667,0.86706704
1.5251334,1.2807914
0.90239996,1.1371024
0.8767666,0.7718474
0.6095667,0.6782562
0.77133334,0.53152174
0.42643332,0.77082676
0.39723325,0.75587654
0.8347333,0.68858206
2.0669334,0.8739361
0.9492333,1.0010229
0.35283327,0.47982723
0.35539997,0.37897187
0.5648333,0.37028575
0.48326665,0.45713162
0.33379996,0.45647544
0.33049995,0.43644923
1.0942333,0.49676502
1.4126333,0.8552424
1.5397333,0.89720273
1.0228333,1.1209713
0.32566667,0.59577155
0.93366665,0.30504107
0.6584666,0.57048184
0.5480666,0.40147358
1.0419667,0.46255273
1.6852,0.5538633
1.0549333,1.0381212
1.6614332,0.67871714
1.8102334,1.284258
1.3352,1.421141
0.9758333,0.9471446
1.1446667,0.9740143
1.7551,1.0703773
2.1018333,1.0728862
1.0073667,1.0732281
0.6357,0.560628
0.34059995,0.3630793
0.3275,0.3297121
0.39936662,0.3846143
0.41389996,0.48322195
0.4432,0.59012496
1.1240666,0.90987086
1.8220667,1.1032306
1.6043667,1.3757861
1.9202666,1.0914376
0.81689996,1.3712933
0.5117666,0.6342442
0.99359995,0.41410965
0.95093334,0.6890769
0.40053326,0.7615215
0.5865762,0.4396283
1.2671,0.67206085
0.76446664,1.1061554
0.9423666,0.99588144
1.0328666,1.2752248
1.7192333,1.4625114
2.3195,1.5140918
0.45379996,1.6481872
0.3440333,0.47274995
0.46026665,0.3676747
0.6690999,0.43280566
0.3130666,0.6279959
0.29353327,0.3879022
0.9467333,0.4581095
0.53826666,0.7307921
1.0615333,1.1003395
1.1931666,1.0920662
0.36853325,0.96413046
0.30903327,0.30893362
0.6882,0.3254596
1.1751333,0.724653
1.3314999,1.0521982
1.4013,1.098675
1.0394332,1.1036545
0.6396333,0.9331217
1.4037333,0.6711701
1.3373333,1.2689979
1.2917333,1.7187338
1.1515,1.6183093
1.4090667,1.5162
1.6364999,1.8808644
2.0665998,1.5053672
3.3290334,1.0371604
0.867,1.4861183
0.37959993,0.5418415
0.37913328,0.28936374
0.42006665,0.41666353
0.41919994,0.49624103
0.41146666,0.65992635
0.37506664,1.0144438
0.42973328,1.0636063
0.4747333,0.7137501
1.4757333,0.63718784
1.5003333,1.1473708
1.5219333,1.0790483
1.1035,1.015242
1.0868666,0.8946513
1.1505666,0.9705539
1.2556,1.2316862
0.97576666,1.4775752
1.3625666,1.2302554
0.47229993,1.2688463
0.48236662,0.7664099
0.7201333,0.9988029
1.0432667,1.2639174
0.84739995,1.2929457
1.3977333,0.7279875
0.57589996,0.70481026
0.52093333,0.33153433
1.6122,0.28656328
1.1039,1.1145833
0.8480666,1.1151539
0.42473328,0.5842675
0.4384333,0.53757125
0.42903328,0.6488413
0.38656664,0.67460275
0.46533328,0.636989
1.0548999,0.56158406
0.6608666,0.7138928
0.49266666,0.4723956
0.8083333,0.46769685
0.6436666,0.7544745
1.1452333,0.8586267
0.5032333,1.5972375
0.6059333,0.82039726
1.4792333,0.717138
1.5087333,1.6842235
1.1102667,1.2635344
0.40776658,0.9697893
0.39179993,0.56735766
0.45209998,0.50974476
0.58629996,0.38429743
1.4909333,0.4276309
0.73679996,1.3876363
0.37839997,0.6058917
0.47756666,0.39987928
0.5012666,0.4131915
1.1276333,0.4882182
0.3893333,0.7906848
0.41753328,0.57869804
0.4408666,0.71489304
0.69916666,0.7884582
0.74946666,0.9912232
0.50873333,0.96625966
0.4639333,0.67969507
0.40696663,0.6699763
0.37853324,0.5475377
0.46459997,0.48763502
1.0288333,0.59475636
1.013,0.8275236
1.2177,0.7116145
1.1373999,0.75618213
1.7139,0.75359786
1.8869333,1.3343456
1.8255,1.456067
1.6225,1.7485268
1.8090333,1.4851803
1.7240667,1.5269694
1.6306667,1.2979083
1.5546333,1.2152185
1.5591333,1.2280014
2.2191334,1.2110881
1.3801999,1.4940463
1.2342,1.1026576
1.5537,1.0480528
1.2277666,1.1168483
0.2969333,0.96439755
0.38859993,0.36059612
0.37159997,0.5516839
0.31759995,0.54834926
0.31183332,0.41405225
0.37296665,0.31360567
0.39189994,0.520286
0.30476665,0.733114
0.43076664,0.5709246
1.3955,0.4525422
0.8329333,0.7334169
0.8788666,0.4244724
0.41103327,0.655344
0.39406663,0.41446304
0.34266663,0.34295702
0.34016663,0.32823765
0.37963325,0.34446615
0.3541333,0.34800297
0.31789994,0.44269437
0.77849996,0.68243515
1.0759666,0.87205607
0.34773326,0.74358034
0.29899997,0.4059407
0.33436662,0.37084317
0.6037333,0.34816247
0.5895333,0.577573
1.2709666,0.5450842
1.4741666,0.6776216
1.2203,0.8424672
0.30566663,0.6008512
0.3173666,0.217664
0.98136663,0.31741393
1.3026999,1.3124171
1.8712332,1.7065272
1.7087,1.0799953
1.5455999,1.1848834
0.6281666,1.0722849
0.31929994,0.49977756
0.3669666,0.39155293
0.35739994,0.3916533
0.27139997,0.35673296
0.31369996,0.40736687
0.35863328,0.68626606
1.2641,0.94863594
1.3883333,1.2101401
1.3818667,1.2083744
1.3678333,1.0719959
0.28159994,0.8847202
0.32903326,0.27903193
0.6975,0.38992274
0.73716664,0.72473615
0.55669993,0.73400486
0.70876664,0.49811995
0.5396,0.6665311
0.5713666,0.66445076
1.2738,0.8528907
1.5307666,0.92258644
0.7395333,1.1779418
0.31199998,0.48031312
0.4700333,0.3019467
0.38299996,0.34544992
0.67989993,0.3673486
0.31396663,0.59083164
0.3838333,0.32938546
0.29149997,0.34505874
0.2872333,0.50083804
0.94149995,0.8284732
0.30966663,0.95638174
1.0060667,0.7184112
0.33769995,0.8305023
0.31576663,0.3234403
0.33836663,0.3618794
0.50306666,0.45872605
0.5468333,0.59270084
1.4143666,0.5691388
0.8498333,0.9888281
0.32593334,0.39860058
0.37283325,0.21548963
0.34276664,0.4484914
0.608,0.7392168
1.4613667,1.3001957
0.6147333,1.437609
0.95869994,1.0032358
0.3262,0.8590174
0.4078666,0.35102373
0.5067333,0.3332888
0.3347333,0.4149984
0.3299333,0.33401895
0.37309992,0.31599832
0.3252666,0.35305297
0.5512,0.51873285
1.5392333,0.8663641
1.1991667,1.0754238
0.29599994,0.83499205
0.4992333,0.33031923
0.36466664,0.45353281
0.31259996,0.3969875
1.0795,0.40200382
1.8475332,0.55243945
0.8857,1.3415673
1.6610665,0.49331355
0.3451,1.2987791
0.5311667,0.45983076
0.6069,0.81853366
1.9542999,0.97292286
1.2891667,1.1768252
1.6950667,0.8681714
1.2756333,1.0165844
1.3633666,1.014299
0.42033327,1.1396409
0.5332333,0.33094472
0.42613333,0.32456756
0.46773332,0.3721934
0.63759995,0.48779488
0.9163333,0.8569394
1.0592667,1.0009981
0.6099333,0.94914454
0.64699996,0.49957627
0.85539997,0.6265202
0.47119993,0.8565056
0.57979995,0.58662254
1.2016666,0.7744812
0.6756333,0.868414
0.60496664,0.5273779
0.6314666,0.52984303
0.5037333,0.74971914
0.5893666,0.80101097
0.5372333,1.0349439
0.9611333,0.9963537
0.59996665,0.85575426
1.4650333,0.55987746
1.3004333,1.4287683
0.6412666,1.173175
0.40466666,0.46706736
0.41859996,0.31214142
1.1348333,0.2505114
0.38363332,0.48408544
0.3546999,0.30734706
0.3516333,0.38385773
0.33909994,0.47188562
0.5166333,0.52069694
1.9883332,0.7662978
1.0446999,1.3533835
0.48613328,1.1947306
0.4169333,0.7301614
1.5450666,0.64212847
2.083,1.1652478
1.4356333,1.4892153
0.8566333,0.8100729
0.89229995,0.55260575
0.43693334,0.60195446
0.8882333,0.41940248
1.1920333,0.9901521
0.43083328,0.89661086
0.6331666,0.3728757
0.3667333,0.5715908
0.3479666,0.40905637
0.4298666,0.392815
0.40829998,0.369505
0.36116666,0.40824616
0.34233332,0.3376677
0.5,0.36267793
0.7577666,0.44905657
0.3369333,0.6019242
0.5106666,0.51351786
0.4597333,0.6697338
1.5354333,0.7058592
1.4741333,1.235563
0.68616664,1.2507713
0.75946665,0.79193795
0.47709996,0.8816735
0.5211333,0.61502427
0.64129996,0.7112216
0.60006666,0.8986884
0.77559996,0.87616575
1.9487333,1.1106765
0.6913666,1.7514193
0.9413666,1.1736523
1.7915,1.2425817
2.5947666,1.3714503
1.1005332,1.3526878
0.38489997,0.527561
0.46873325,0.32360393
0.34106666,0.3536058
0.36253327,0.38312334
0.3721333,0.43135053
0.5445,0.5716414
0.8365333,0.99217075
0.9442333,1.0730981
0.60239995,0.9512303
0.7591666,0.7227604
0.62853324,0.81536937
0.72229993,0.677305
0.6212666,0.7285929
0.5216333,0.67720914
0.5429333,0.56448436
0.3530333,0.5471361
1.1607,0.35833442
0.6884333,0.72406495
0.5361999,0.8516139
1.5040666,0.88492155
1.9975667,1.2462604
1.8635666,1.2785294
0.6359333,0.92568016
0.37859994,0.41349673
0.43576664,0.3370874
0.33016664,0.34888273
0.36429995,0.343755
0.40129995,0.38057703
0.3899666,0.4788143
0.3924666,0.6222551
1.1433333,0.77680826
1.6144333,1.0634981
1.7105334,1.1784579
0.62293327,1.2283405
0.60113335,0.6742505
0.5738666,0.6213969
1.4215,0.6078459
1.7366667,0.93264294
1.0985999,1.1643802
0.4931333,1.0229897
0.4898666,0.5199055
1.0689666,0.58086854
1.3580667,1.310557
1.5689,1.6622627
2.1143332,1.5873524
1.8494667,1.3322415
0.87693334,0.9982711
0.49716663,0.58975935
0.65029997,0.3355528
0.46629995,0.53618926
0.35323328,0.3944599
0.39526665,0.37781203
0.3802666,0.43810588
0.45529997,0.68829966
0.9360666,0.8676675
0.6037,0.9475609
0.57763326,0.6624692
0.49763334,0.56354743
1.0361333,0.48773795
1.1337999,0.90504473
1.2403333,0.9292443
1.4386666,1.1790562
1.0747666,1.3030038
0.525,0.9370863
0.4873333,0.5171692
0.5254,0.5687339
0.76656663,0.79373145
0.9316333,1.243989
2.2807333,1.1735337
3.1088667,1.4735703
3.1290998,1.5556678
2.5531669,1.5785657
1.3841333,1.3584363
1.2592332,0.82871425
0.8019333,0.8591191
0.8353666,0.6025845
0.77279997,0.6411716
0.8113333,0.7841747
0.8101333,1.0918976
1.2321666,1.2384381
1.9920666,1.35188
1.1026666,1.5756358
1.1862,0.893522
0.5487666,0.83157635
0.5030999,0.6369457
0.87976265,0.642251
1.8799,0.8417288
1.1058999,1.1960158
0.5336999,0.62003577
0.5461999,0.426498
0.51496667,0.6891141
0.52383333,0.8746951
1.7314,0.9137004
2.3951333,1.3165106
1.3301666,1.5227809
0.75119996,0.7683615
0.5985333,0.43876106
0.39699996,0.4390033
0.46566665,0.28490132
0.33076662,0.3689558
0.27889997,0.26658994
0.35419995,0.46160144
0.27836663,0.7394289
0.7949333,0.93124604
0.7357333,0.7817565
0.5718,0.6097305
0.30183333,0.7028148
0.32909995,0.41779673
0.63199997,0.4641351
0.6920999,0.79076636
1.3842,0.85499805
0.56693333,1.0071899
0.31446666,0.4594198
0.2937333,0.24722385
0.34656662,0.4036134
0.27849996,0.6551654
0.9086,0.71837807
1.1646,1.4982188
0.8978666,1.5939597
0.83129996,0.9740591
1.0189333,0.7597627
1.0146999,0.8547051
0.31709993,0.45178074
0.33449996,0.23570311
0.3042,0.25611323
0.32113326,0.29400074
0.31176662,0.38568896
0.41369998,0.5386333
1.3840666,0.6317673
1.3928666,1.1894075
0.39669997,1.1336267
0.31409997,0.47229463
0.2503333,0.52657884
0.30243325,0.49924624
0.29786658,0.46399152
0.32016665,0.3377565
0.2940666,0.28313112
0.30396664,0.21094388
0.32329994,0.255682
1.0122666,0.33655363
0.69043326,0.68421125
0.7294,0.6103642
0.5599,0.55522186
0.43629998,0.42713934
0.40036666,0.39904302
0.33199996,0.35106283
0.5937333,0.32887852
0.21686661,0.42728132
0.31599993,0.25710475
0.29556662,0.30675805
1.1619667,0.41956604
0.3011666,0.7188746
0.31216663,0.46587604
0.23963326,0.4541446
0.2851333,0.435363
0.3173666,0.4470247
0.2658,0.48305243
0.3264333,0.382187
0.22989994,0.41544378
0.2944666,0.26537806
0.28929996,0.3339141
0.9191,0.32651663
1.2330667,0.7799225
1.1449333,1.085966
1.0483,1.2994244
1.0921667,0.790943
1.4822333,0.75207746
0.37109995,1.0272671
0.27516663,0.37420583
0.28286666,0.32890826
0.2887333,0.29834658
0.31726664,0.340555
0.3062666,0.40169203
0.98146665,0.55486435
0.5998666,0.80423915
0.29979998,0.67115796
0.3009333,0.6138642
0.3492666,0.51870775
0.32419997,0.38778204
0.20999998,0.3324765
0.3910333,0.26982188
0.34636664,0.31468976
0.51189995,0.28257865
0.40899998,0.45114863
1.0612999,0.40013075
1.3475,0.60222214
1.403,0.9947564
0.3713333,1.0814718
0.3825,0.24896085
1.2311,0.326213
0.9906666,1.2112805
0.43386662,0.7313724
0.3684333,0.32362044
0.46476662,0.3311736
0.6963333,0.40403485
0.34703332,0.7324722
0.4330333,0.53527856
1.0626,0.65487766
0.33119994,0.79591453
0.33313328,0.4665745
0.35356665,0.4921745
1.1478,0.47179854
0.7602333,0.7722833
0.3365,0.47826374
0.3436666,0.24640322
0.30739993,0.25994706
0.3230666,0.25994974
0.28453332,0.35742158
0.47596663,0.41336244
0.7254333,0.7455731
0.6658,0.99488294
1.6181667,0.9685793
0.75796664,1.347598
0.73353326,0.82471
0.9597,0.78121936
0.7822666,0.7569282
0.7374333,0.47328347
0.33596665,0.40275902
0.3116333,0.29859585
0.35203326,0.35557717
0.30703324,0.4812919
0.37849998,0.7532416
0.6636333,0.6935113
0.8515,0.66440964
0.35499996,0.7152921
0.30536664,0.35032594
0.33343327,0.37592268
0.2865333,0.38669175
0.7761333,0.3506539
0.8655,0.66142607
0.74876666,0.7447791
1.2842,0.70410013
0.74086666,0.953492
0.3336333,0.5612185
0.75679994,0.46409774
1.2741,0.7779236
0.4762333,0.9974401
1.6013999,0.67904246
2.8781333,0.944826
2.6749334,1.6846783
2.1680334,1.5378902
1.4624667,1.2668309
1.4041,1.1740196
1.3682666,1.2496308
0.43559998,1.2991966
0.36679995,0.49551362
0.4712333,0.48461986
1.0183333,0.54709804
0.3619333,0.78355896
0.3594333,0.4624452
0.34109998,0.46243936
0.3692,0.40791923
0.36613327,0.40015572
1.3246,0.38175344
0.36683333,0.9451941
0.37626666,0.3166077
0.3860333,0.39531398
0.37246662,0.4406783
0.3748333,0.4555599
0.39556664,0.53840965
0.96659994,0.5733073
1.1483667,1.3105356
0.5282999,1.4915183
0.53453326,0.6038282
1.2643332,0.37096947
0.5916666,0.5917243
1.2449666,0.3122368
1.1148,0.90182656
0.84483325,0.59508276
0.3563,0.45585084
0.38319993,0.49566895
0.71629995,0.5070502
1.4133666,0.5369219
0.4327333,0.9087032
0.36189997,0.371445
0.58376664,0.35768473
0.7842666,0.7048706
0.45803332,0.85061896
0.9314333,0.49863255
0.5397,0.5380435
0.35806662,0.3178047
0.3793,0.2493158
1.4078666,0.31785822
1.5015666,0.9064339
1.6510665,0.9414315
0.9489,1.178817
0.7997333,0.81923157
0.77486664,0.72834384
0.7538667,0.7119472
0.47453332,0.64202243
0.35239995,0.4011714
0.3703333,0.2752841
0.35569996,0.32215422
0.3877666,0.40846062
0.9122333,0.5322116
0.5372333,0.7213956
0.37759995,0.6214678
0.3533666,0.6040561
0.36346662,0.61229545
0.65353334,0.6304371
0.79533327,0.88294256
0.34243333,0.9599149
0.36103332,0.4689288
0.36346662,0.433183
0.37629998,0.41001326
0.7580333,0.39824742
0.8834666,0.49341464
0.6974,0.49691862
1.7542999,0.52200365
1.2302666,1.4395957
1.1322,0.9591074
1.092,0.96321785
0.90136665,0.9950011
0.35196662,0.78410625
0.32413328,0.31951433
0.38496667,0.26264697
0.36833328,0.30229354
0.8814333,0.36495036
0.8028333,0.60093534
0.3766666,0.6626189
0.35486662,0.5713038
1.3948333,0.5529073
1.6441333,1.0497056
1.5775,1.3152161
0.8530333,1.3072915
0.36533326,0.67955256
0.3648333,0.4018247
0.3855666,0.40953803
0.3613333,0.47721648
0.37216663,0.5330871
0.8781,0.63192344
0.6794666,1.3884155
0.64166665,0.848897
0.6522666,0.6080802
2.8313665,0.57510066
0.34063327,0.40514398
0.33879995,0.36229265
0.27876663,0.31305832
0.3625666,0.30498612
0.30759996,0.30657244
0.33383328,0.39599323
0.25779992,0.50312567
0.33329993,0.8430395
1.7709,0.6401448
0.41243327,1.210817
0.7432333,0.6522343
1.0832334,0.5797575
0.5131666,0.68862784
0.32996666,0.3768924
0.32546663,0.21495384
0.29573327,0.2413376
0.33639997,0.23124641
0.2747,0.27817965
0.34829998,0.25492
0.29503334,0.36885804
0.3242333,0.40045524
1.1442666,0.5438407
2.0912666,1.3135062
1.8942,1.2117009
1.6456332,1.0299004
1.6177666,1.0737493
0.8101333,0.86573696
0.35683334,0.35870367
0.2897666,0.31354636
0.31153333,0.3365718
0.30139995,0.4137467
0.32026666,0.6006943
0.2753333,0.6556561
1.1635333,0.6621443
0.7449333,0.93224216
0.53136665,0.67800665
0.5818333,0.5483905
0.4963333,0.60002875
0.28953332,0.5372834
1.0975666,0.30594492
0.3030666,0.5686246
0.29016662,0.11814904
0.34329998,0.17702395
0.2757666,0.40149266
0.3292666,0.41354078
0.8642,0.58086556
1.2083333,1.1703652
1.4247999,1.2565961
1.6895666,1.0010929
1.4232,1.0435791
0.7068333,0.49872917
0.32519996,0.2532196
0.30223328,0.24680269
0.30549997,0.31139565
0.45133334,0.32437193
1.5366666,0.52375376
1.3219,1.1700865
1.2511666,1.1808251
0.28926665,1.0205092
0.30959994,0.34000152
0.30459994,0.31647575
0.32016665,0.3207131
0.29183334,0.3242435
0.32106668,0.3062091
0.31606662,0.3578831
0.2830333,0.3931898
0.33629996,0.408251
0.63479996,0.41381705
0.73856664,0.46963644
0.2951333,0.7001021
0.34359992,0.7421451
0.27993327,0.8637417
0.33169997,0.5586781
0.3173666,0.4158368
0.2972666,0.29953176
0.32653326,0.29218894
0.29933327,0.32230318
0.32223326,0.45748925
0.27486664,0.63795227
1.2340333,0.75357175
0.29463327,0.878762
0.32453328,0.4217919
0.27076662,0.33807623
0.27603328,0.36736214
0.2986666,0.33967382
0.31646663,0.31378508
0.3056,0.28611833
0.28596663,0.28168672
0.33666664,0.23703575
0.27163327,0.29673415
0.45,0.3674991
1.0928667,0.42670465
0.3196333,0.6409087
0.28579998,0.17996526
0.33336663,0.22913164
0.2857666,0.39289212
0.3081,0.33343124
0.3189333,0.2610088
0.291,0.23046714
0.30679995,0.24000287
0.30149996,0.29463112
0.31229997,0.46307313
0.36086667,0.7936999
1.1503,1.0804434
0.47643328,0.8190075
0.32466662,0.51971406
0.29709995,0.32139868
0.3067,0.37718767
0.28143328,0.3530447
0.26629996,0.27043802
0.27949995,0.21873611
0.3027333,0.18640304
0.31716663,0.23761511
1.2049667,0.35397327
0.3151666,0.744148
0.28963333,0.14386469
0.28079993,0.17238683
0.2802,0.23338848
0.33849996,0.19295865
0.27656662,0.19247168
0.31573325,0.20094985
0.30183333,0.20572424
0.3086666,0.23134458
0.28856665,0.25733346
0.5586666,0.35529447
1.0050333,0.39026695
0.31399995,0.5622845
0.3315333,0.35702604
0.28463328,0.37325954
0.29686666,0.41581005
0.2606333,0.46045923
0.30069995,0.43305832
0.28399998,0.4173333
0.33369994,0.33353037
0.28239995,0.3669464
0.3185333,0.29187495
0.68556666,0.3105746
0.9024333,0.41179097
0.28886664,0.49276686
0.34279996,0.1431449
0.3109666,0.17421567
0.29786658,0.17198718
0.33733332,0.2348792
0.2922666,0.2599091
0.3170666,0.2695964
0.29283333,0.26603884
0.33506662,0.30430818
0.26416665,0.31109774
0.64273334,0.34696144
0.9396,0.38044304
0.31583327,0.46739066
0.2658,0.2863924
0.30329996,0.28849524
0.3096333,0.36549163
0.29066664,0.40960705
0.3392666,0.37994945
0.26439995,0.45526612
0.3310333,0.2931447
0.29149997,0.40256745
0.31366664,0.3354519
0.6568999,0.38739353
0.9184333,0.47876912
0.30323327,0.63638216
0.31216663,0.25235087
0.32836664,0.3011703
0.3054666,0.30006546
0.30769998,0.27280682
0.31223327,0.25467825
0.30149996,0.2963102
0.25253332,0.2839061
0.31683326,0.31009352
0.27706665,0.3633597
0.7077333,0.45235002
0.8600333,0.46221775
0.32909995,0.45524818
0.28589994,0.29275686
0.31646663,0.3596604
0.3228333,0.35911053
0.2746666,0.35950404
0.3393333,0.27480853
0.2793333,0.28104478
0.32263333,0.22693801
0.29173332,0.2821154
0.33123326,0.3077979
0.7540333,0.39786994
0.7425333,0.38249022
0.3167333,0.32044876
0.30816662,0.17024165
0.3232,0.2373814
0.30696666,0.30928528
0.3078,0.28886795
0.28966665,0.2888264
0.32186663,0.26312125
0.27279997,0.26361805
0.3206666,0.30246204
0.2901333,0.35250276
0.92356664,0.42181665
0.5683,0.4719584
0.3189333,0.37066716
0.28266662,0.3068298
0.35819995,0.3764701
0.41876662,0.44614393
0.3802666,0.48843956
0.39076662,0.42689753
0.36389995,0.37838972
0.4158333,0.34853786
0.38829994,0.39632517
0.42886668,0.4171403
1.3614,0.46928978
0.43349993,0.8824339
0.35339993,0.24216646
0.39443332,0.284818
0.38059998,0.3861888
0.27809995,0.41205305
0.3220333,0.29332817
0.2862333,0.29670024
0.32286662,0.2520253
0.26999998,0.27804065
0.33349997,0.32735848
0.3363666,0.37280774
1.1549333,0.42148
0.32443327,0.55542165
0.28039998,0.2538355
0.31623328,0.34585524
0.31829995,0.46408713
0.30713332,0.47784108
0.28066665,0.3793552
0.32579994,0.31569988
0.25503325,0.28975624
0.27759993,0.3122049
0.29463327,0.39881378
0.5885999,0.45177436
0.98149997,0.5045709
0.31696665,0.51814395
0.30726665,0.1333524
0.29206663,0.18302262
0.34266663,0.25489587
0.27226663,0.33186734
0.30326658,0.28544098
0.2534333,0.27580154
0.3086666,0.24641895
0.2728333,0.26249874
0.32726663,0.3329634
0.6917,0.36475402
0.86283326,0.41138005
0.31463325,0.3761747
0.23119992,0.2198636
0.2998333,0.30633825
0.2988333,0.38647836
0.3189333,0.37322587
0.27256662,0.37248176
0.2775666,0.31405866
0.26219994,0.24966216
0.31456667,0.2785399
0.2877,0.31883276
0.9668666,0.36881
0.5365333,0.5370863
0.30359995,0.24698764
0.3042,0.16869015
0.2853666,0.23448628
0.33566666,0.21425563
0.20853329,0.24050081
0.31879997,0.2291103
0.29036665,0.2131859
0.29856664,0.22693443
0.28073335,0.23757899
0.28849995,0.3094591
1.2258999,0.34519875
0.30693328,0.6291256
0.2978,0.19050181
0.2818333,0.22998339
0.26319993,0.36846572
0.27499998,0.40769047
0.29679996,0.40163726
0.2746333,0.3481778
0.30089998,0.29033172
0.21639997,0.31713957
0.32413328,0.3994369
0.59786665,0.42972648
0.9192333,0.4247682
0.26703328,0.39568132
0.30326658,0.18516827
0.28729993,0.2210707
0.29969996,0.25244403
0.27089995,0.24690706
0.2672,0.20294297
0.33063328,0.17971969
0.27129996,0.19946957
0.29869998,0.24810189
0.23376662,0.30759186
0.91276664,0.38714653
0.67129993,0.42848086
0.32269996,0.3927427
0.28129995,0.24231392
0.23513329,0.25566608
0.30599993,0.24337506
0.29493326,0.3138355
0.3062333,0.37790537
0.22626662,0.4179654
0.30646664,0.36841118
0.25749993,0.44733542
0.33639997,0.37234068
0.8581333,0.4617653
0.61983335,0.5384498
0.2899,0.35262603
0.29909998,0.20047092
0.28039998,0.23012501
0.3393666,0.173504
0.22849995,0.21486658
0.29926664,0.16913211
0.3097,0.20407641
0.27759993,0.23264599
0.31726664,0.29002005
0.28499997,0.3240351
1.1826333,0.36720502
0.32003325,0.46874154
0.31689996,0.25784296
0.27016664,0.26464266
0.32046664,0.28696227
0.26819998,0.29714632
0.26489997,0.2938637
0.29023325,0.30098885
0.31863332,0.34314245
0.27706665,0.40840316
0.24223334,0.39732325
0.53023326,0.40007836
1.0143,0.46582896
0.31326658,0.6871807
0.23006666,0.2537421
0.2929666,0.21058631
0.29389995,0.31099564
0.33419997,0.27715582
0.20953327,0.3130356
0.33309996,0.20602417
0.26913327,0.25163513
0.31323332,0.26228273
0.2829666,0.3252293
0.8472667,0.40558815
0.6601666,0.4168511
0.3196,0.37977922
0.29629993,0.24864066
0.2851333,0.29296798
0.31776667,0.30961895
0.2921666,0.36905187
0.24809998,0.40749633
0.30479997,0.38153952
0.29813325,0.30257785
0.27546662,0.34284365
0.33303326,0.321189
1.0964667,0.36323947
0.3942333,0.61634135
0.28459996,0.18922651
0.32086658,0.16597223
0.26989996,0.27847433
0.30223328,0.2401799
0.26779997,0.32796478
0.30879998,0.26829952
0.30813324,0.33840382
0.31356663,0.3249039
0.29023325,0.3625391
0.35376662,0.36727095
1.249,0.40921468
0.29036665,0.49271595
0.26193333,0.23032129
0.2945,0.25866014
0.31373334,0.33407277
0.28419995,0.34452713
0.33316666,0.39007598
0.25796664,0.41943848
0.33896667,0.41843826
0.25873333,0.4435646
0.27419996,0.4641658
0.43789995,0.4718867
1.1548666,0.4572928
0.29109997,0.62331414
0.30036664,0.18789726
0.3248999,0.25385278
0.2845,0.36927158
0.32233328,0.37593043
0.26203334,0.37412995
0.29969996,0.27448034
0.2842999,0.27484208
0.33029997,0.27236038
0.2764666,0.38851047
0.4366333,0.42222738
1.1349334,0.43757254
0.32159996,0.45721692
0.2757666,0.18917078
0.32699996,0.24577367
0.24113333,0.30877215
0.28389996,0.34283
0.32609993,0.385567
0.28256667,0.40525746
0.32119995,0.44484442
0.27979994,0.45259994
0.32349998,0.43096334
0.4844333,0.4664263
1.0255666,0.4683962
0.28779995,0.52407116
0.30076665,0.14642572
0.2864666,0.2364046
0.32849997,0.29559302
0.2831999,0.3599512
0.3189333,0.2509495
0.25766665,0.233177
0.2954666,0.23978502
0.3141666,0.286964
0.29626662,0.37253135
0.6167333,0.48379707
0.94149995,0.42491925
0.2776333,0.35558218
0.27013332,0.118189156
0.3089,0.19229454
0.28859997,0.2244178
0.31153333,0.26284724
0.28036666,0.31427133
0.25986665,0.3382172
0.30693328,0.32524502
0.27619994,0.33503056
0.32039994,0.3870151
0.7539333,0.4009527
0.74239993,0.4624663
0.28719997,0.33818102
0.31509995,0.1584667
0.26989996,0.2671795
0.30379993,0.26471335
0.24606663,0.2982142
0.3109666,0.20729762
0.3054666,0.21207803
0.31286663,0.19424832
0.2614333,0.24152893
0.26036662,0.27703595
1.0248666,0.3685845
0.5477666,0.46382868
0.3143,0.19778907
0.22713327,0.11101562
0.31073332,0.21128619
0.26273328,0.2424779
0.33049995,0.31084883
0.2691666,0.32091415
0.2537666,0.35982192
0.3145333,0.4474514
0.27599996,0.46286362
0.3081,0.4621628
1.1694,0.37733722
0.3408333,0.69531393
0.2553333,0.13693339
0.32949996,0.14317209
0.26179993,0.2899164
0.25159997,0.2701264
0.30049998,0.23229188
0.2965333,0.21605033
0.29189992,0.19583923
0.2528333,0.22946185
0.3019333,0.34550363
0.41313332,0.42682666
1.1578,0.3772534
0.22229993,0.5323596
0.29609996,0.21438193
0.28299993,0.22058481
0.31739998,0.25902736
0.2003333,0.268301
0.32009995,0.30949903
0.2679333,0.30072105
0.31229997,0.32114697
0.21163332,0.42088157
0.31903327,0.46043283
0.7287,0.55327666
0.76583326,0.6345689
0.29586667,0.58737946
0.2793333,0.30781627
0.29409993,0.2885304
0.23789996,0.2959131
0.28739995,0.24883384
0.28679997,0.21250468
0.27193332,0.19174254
0.27359998,0.22355378
0.3038333,0.22736806
0.29023325,0.32983446
1.0143666,0.4102894
0.4765666,0.5981506
0.32959998,0.33255512
0.25833327,0.24364847
0.25199997,0.22147715
0.2822333,0.22856468
0.30906665,0.2767936
0.26486665,0.28781307
0.26443332,0.30169165
0.28026658,0.2996232
0.29399997,0.34806734
0.34773326,0.41757554
1.2265667,0.5019349
0.2900666,0.98934966
0.30149996,0.3269912
0.9983333,0.33835435
0.40849996,1.1786621
1.8561,0.60406756
1.9023,1.5894103
2.1767,1.5474381
0.9298666,1.9005935
1.2045,1.2284641
0.9719666,1.2921057
1.4498667,0.73715186
0.5244,0.75977945
0.2976333,0.36938065
0.3329333,0.259117
0.26386666,0.30030066
0.30246663,0.3407954
0.31856662,0.39112437
0.3097,0.45616108
0.2612,0.4919051
0.9650666,0.70440966
1.5165666,1.0408947
1.3763332,1.2088157
1.3420333,1.1187257
0.24979997,1.0531152
0.4827333,0.2815364
0.75479996,0.43031418
0.8666,0.6704639
0.32089996,0.8062264
0.8527333,0.33844733
0.6712333,0.524913
0.7438333,0.4474947
1.0497333,0.557466
1.4753333,1.6112292
1.2868333,1.8629509
1.5521666,1.283766
1.2357666,1.3221934
1.0600666,0.8624363
1.0796334,0.6223339
0.8246666,0.6268307
0.74466664,0.6228094
0.8127667,0.64463794
0.80059993,0.7474268
0.75306666,1.1059889
1.0798666,1.5203922
1.1409667,1.5676472
1.8965333,1.0922577
1.3446333,1.4413071
0.77853334,1.1893549
0.2910666,0.64530224
0.41823334,0.4391793
0.3371666,0.543087
0.35816664,0.40995753
0.76723325,0.39786118
0.31806666,0.47493047
0.23516667,0.40256536
0.36279994,0.5860739
0.8698666,0.9825831
0.88799995,1.6407634
0.88653326,1.1892759
0.8850666,0.8195342
0.88359994,0.7075162
0.8821333,0.7152782
0.8806666,0.7205891
0.8792,0.7456437
0.8777333,0.7686235
0.8762666,0.8080628
0.87479997,1.0164813
0.8733333,1.463406
0.87186664,1.5579076
0.87039995,1.3736078
0.8689333,1.115715
0.8674666,0.8797258
0.86599994,0.8828958
0.8645333,0.9125851
0.8630666,0.9261601
0.8615999,0.8826467
0.8601333,0.81592274
0.85866666,0.74026656
0.85719997,0.75436854
0.8557333,0.90821564
0.85426664,1.0661836
0.85279995,1.0253376
0.85133326,0.95464796
0.8498666,0.75242066
0.84839994,0.63079685
0.8469333,0.63757324
0.8454666,0.6517222
0.844,0.69305956
0.8425333,0.7358427
0.8410666,0.7864327
0.83959997,0.9201244
0.8381333,1.1817284
0.83666664,1.3532854
0.83519995,1.3529468
0.8337333,1.0269753
0.8322666,0.7699087
0.83079994,0.7302519
0.8293333,0.73902225
0.8278666,0.73183477
0.8263999,0.7543956
0.8249333,0.75477314
0.82346666,0.71792984
0.82199997,0.6626822
0.8205333,0.69509256
0.81906664,0.7480868
0.81759995,0.7056931
0.81613326,0.622994
0.8146666,0.55825186
0.8132,0.5334351
0.81173325,0.5121625
0.8102666,0.5121837
0.8088,0.5283998
0.8073333,0.5682753
0.8058666,0.6602577
0.80439997,0.78476256
0.8029333,0.8914902
0.8014666,0.9216722
0.79999995,0.9259833
0.7985333,0.8818996
0.7970666,0.84166366
0.79559994,0.8128196
0.7941333,0.7867092
0.7926666,0.77205265
0.7911999,0.76645696
0.7897333,0.75634205
0.78826666,0.7433588
0.78679997,0.7161787
0.7853333,0.6827555
0.78386664,0.6531223
0.78239995,0.6151607
0.78093326,0.56744236
0.7794666,0.52307963
0.778,0.49555314
0.77653325,0.53568363
0.7750666,0.53365487
0.7736,0.5371781
0.7721333,0.5563869
0.7706666,0.57283306
0.76919997,0.59401155
0.7677333,0.6407237
0.7662666,0.7070632
0.76479995,0.7919607
0.7633333,0.84601057
0.7618666,0.8387913
0.76039994,0.7965579
0.7589333,0.74542975
0.7574666,0.6930669
0.7559999,0.6457416
0.7545333,0.6005732
0.75306666,0.5599254
0.75159997,0.51212007
0.7501333,0.45500654
0.74866664,0.39906478
0.74719995,0.4198599
0.74573326,0.48149914
0.7442666,0.5357603
0.7428,0.55074954
0.74133325,0.5561507
0.7398666,0.56196386
0.7384,0.5330378
0.7369333,0.51714104
0.7354666,0.52772504
0.73399997,0.5495352
0.7325333,0.5667645
0.7310666,0.6057582
0.72959995,0.66657245
0.7281333,0.7428444
0.7266666,0.79206085
0.72519994,0.79827946
0.7237333,0.77033997
0.7222666,0.71297586
0.7207999,0.6660712
0.7193333,0.6546222
0.71786666,0.6797136
0.71639997,0.7166379
0.7149333,0.73644614
0.71346664,0.72413945
0.71199995,0.5723751
0.81153333,0.5144613
0.36436665,0.6085732
0.3487,0.3153888
0.33586663,0.3305453
0.3663,0.3342324
0.72529995,0.3175285
0.7053666,0.38544983
0.32436663,0.38584054
0.36639994,0.35201252
1.3092666,0.41185063
1.4589,1.0638186
0.60136664,1.0173702
0.36869997,0.38040888
0.33999997,0.32024038
0.3449,0.36905825
0.3479333,0.3626948
0.3176666,0.31263685
0.3702333,0.26624572
0.30783325,0.3066678
0.3748333,0.33844835
0.9786666,0.5253906
0.4583333,0.6083765
0.562,0.47866988
0.6539333,0.6385139
0.4662333,0.7943643
0.3278666,0.47262746
0.35739994,0.38581097
0.31723332,0.38258052
0.35326666,0.3672397
0.30146664,0.34447366
0.36009997,0.38476717
0.67069995,0.45842862
0.71599996,0.73835516
0.99599993,0.78622925
1.4222333,0.92832494
0.77373326,1.120482
0.34600002,0.4990642
0.34986663,0.321755
0.32876664,0.37811106
0.36613327,0.36463088
0.31009996,0.35755676
0.3254333,0.31173486
0.3030666,0.36268115
0.36839998,0.42841715
0.9464,0.5872712
0.3782333,0.6355096
0.34699994,0.441688
0.37443334,0.39526373
0.68369997,0.4185791
0.35346663,0.6715907
0.3427,0.38620126
0.32976663,0.37638628
0.35626668,0.38274342
0.31036663,0.39769554
0.83909994,0.4315694
0.5518,0.5095601
0.35719997,0.65754056
1.1821333,0.87975967
1.8391333,1.2774652
1.5416666,1.2093142
0.33676666,0.83312005
0.2713666,0.2860123
0.31046665,0.3413787
0.31943333,0.3189788
0.31183332,0.28776443
0.33676666,0.2893055
0.23946661,0.34600443
0.34519994,0.41314536
0.94259995,0.49593204
0.35346663,0.5475339
1.0539333,0.2748919
1.5824,0.706005
1.4607,0.8724359
0.82559997,0.67887294
0.5391666,0.31722355
0.27156663,0.34485847
0.32379997,0.24449486
0.31726664,0.27977085
0.34356666,0.32607418
0.3033666,0.40328473
0.33786666,0.74518025
1.3136333,1.0777324
1.4059333,1.3423951
0.7121333,1.0248619
0.32939994,0.48244
0.33196658,0.3281287
0.52909994,0.37198323
0.33676666,0.5579238
0.3381999,0.38039386
0.32599992,0.32213193
0.33119994,0.28573018
0.3519333,0.3651294
0.9729666,0.5331971
0.47509998,0.67974466
0.39656663,0.73503214
0.65569997,0.5367057
0.32329994,0.7861914
1.0543666,0.30162102
0.5063999,0.7867807
0.40916663,0.40229118
0.3346666,0.29606527
0.34983325,0.3113194
1.1094333,0.34241492
0.32436663,0.51714003
0.34859997,0.44212258
0.5213333,0.69664246
1.2256,1.0244563
1.6963,1.0030066
1.5059667,1.4475064
1.5641,1.0882951
2.1425333,0.9655761
1.7725,1.4237155
2.9965665,1.2169329
2.4771333,2.2624094
0.7748333,2.0064635
1.7782333,0.92376775
2.8016334,1.4053338
3.0526667,2.1402817
2.0804667,2.1635795
2.3304,1.9989758
1.1623666,1.648644
0.57906663,0.8394077
0.45653325,0.4551202
0.3438,0.32352865
0.36836666,0.3582484
0.35433328,0.36919117
0.33369994,0.37115628
0.96369994,0.3948142
0.32239997,0.6124948
0.33146662,0.6883594
0.41719997,0.88212615
0.6422,1.0711418
0.60886663,1.2110327
1.4582666,1.056255
2.5922332,1.3877503
2.3489666,2.0428455
2.0538332,1.8620808
2.0253334,1.5003359
2.0053334,1.4120473
1.7953334,1.7479092
1.4537333,1.5904106
1.4208666,1.269132
0.7807333,1.2321445
0.33339995,0.53301585
0.30256665,0.2654935
0.33443326,0.35457236
0.6910666,0.39571846
0.3606,0.63923573
0.31863332,0.44969016
0.36003333,0.40070516
0.27476662,0.45071417
1.1188667,0.45901793
0.29829997,0.72588897
0.34223324,0.49525017
0.49173325,0.6071482
0.39209992,0.8778855
0.64746666,0.83233887
1.5473332,0.98024184
2.5704,1.4999408
2.1139002,2.0113595
1.5021334,1.9240355
1.4193666,1.4023799
0.37416667,1.147952
1.4337666,0.46599197
1.1071999,1.4619169
1.7450666,1.5333909
2.1989334,2.0465958
3.2345,2.2816787
2.3159666,1.8605957
0.94946665,0.9570014
0.5507333,0.4564647
0.48323333,0.49265218
0.3411333,0.5075038
0.28736663,0.38535368
0.28509992,0.42748386
0.28673327,0.73578894
0.33676666,1.0195134
0.89056665,1.1624292
1.4085333,1.453093
1.0479,1.238715
0.8792666,0.9281012
1.5097,0.75985295
1.7421334,1.1877335
2.2182333,1.3317728
2.4171333,1.6887774
1.8369,1.7396513
1.6935666,1.4837468
0.3625,1.3658428
0.33123326,0.35126847
1.1589,0.5272135
0.8696333,1.9483737
2.2422333,1.4087846
1.1637666,1.4757457
0.57009995,0.67045754
0.40176666,0.48337144
0.36636662,0.46364486
0.3196333,0.47786808
0.2955333,0.42109686
1.0354333,0.39327943
0.32879996,0.6201869
0.24463332,0.6797934
0.5892,1.0131361
1.5327666,1.2417717
1.4823667,1.3545959
1.1666332,1.4584932
1.5806667,1.176294
1.2884667,1.3923067
1.0535666,1.0668864
0.8699333,1.1496112
0.6130333,0.98554134
0.7542333,0.6383649
1.4517334,0.6855136
1.7887,1.1182107
1.3791,1.8096087
1.8193667,2.0523121
1.1395667,1.6714444
0.68799996,1.0361892
0.56226665,0.5714028
0.3771,0.47234923
0.2891333,0.38400143
0.34016663,0.36477792
0.30213332,0.37554258
0.8031666,0.4129849
0.3105333,0.5301543
0.4613999,0.7572667
0.9840333,1.2984724
1.4570667,1.3881404
0.84236664,1.2367275
1.9099333,0.84876657
2.1177335,1.6507002
1.6747333,1.6353447
1.6333,1.3670743
1.7136333,1.3467453
1.4292333,1.4809766
1.3891666,1.0038316
1.4856333,0.9232081
0.5392333,1.067158
0.5494333,0.48769462
1.8614333,0.85941344
2.5369,2.0901809
1.1801333,1.332094
0.36769992,0.33837265
0.33306658,0.2407974
0.30549997,0.31178617
0.34659994,0.33334982
0.25479996,0.3855723
0.33983326,0.4346552
0.3009333,0.4819258
1.0378666,0.78399277
0.77443326,1.2275361
1.5999333,1.4533296
1.6337333,1.3995514
1.7061,1.3687369
1.6545334,1.4570894
1.5187666,1.4579524
1.3599999,1.2631874
1.4055333,1.0134717
0.8876333,0.90341884
0.33906662,0.45841366
0.49419993,0.2749473
0.7261666,0.7592239
0.6808666,1.4560739
2.4064999,1.5519342
1.5888333,1.637163
0.9164333,0.82834667
0.5968666,0.58856225
0.39016658,0.4949386
0.34499997,0.36503637
0.3454666,0.33880943
0.4543,0.32158178
0.69393325,0.450198
0.9556333,0.73140574
0.9327666,1.128115
1.1414666,1.843859
1.5048,1.8744297
1.4632,1.4725066
1.3639333,1.437394
1.4092333,1.3344036
1.6444666,1.2694678
0.73136663,1.512426
0.35523325,0.5595599
0.41023326,0.32857227
0.3091333,0.43077648
0.3439666,0.40049064
0.3648333,0.62621456
0.53099996,1.0985777
2.3058667,1.669635
1.8044333,1.5958622
1.6770332,0.9880949
0.96276665,0.7289529
0.46866667,0.6482136
0.33326668,0.44495654
0.27526665,0.37498695
0.31376666,0.35470343
1.0629666,0.31627524
0.3229,0.46448487
0.67173326,0.45166695
1.9570333,0.93182915
1.446,1.6990546
0.7789999,1.3511442
0.90236664,0.96988875
1.6402333,1.350647
1.3255666,1.8696206
1.1751666,1.8077538
2.1476,1.3986418
1.7486666,1.7889322
0.7704666,1.1432694
0.5642333,0.5335862
1.6101999,0.93512785
1.6162333,1.7083299
2.2788334,1.4071712
2.5189667,1.6818175
2.1733665,1.5952437
0.9615,1.3175391
0.5580999,0.63121796
0.4830333,0.3830976
0.5433,0.42306924
0.34779996,0.46622837
0.3080333,0.27760726
0.3382333,0.3114751
0.26953328,0.42766762
0.30996662,0.56249523
1.3496,0.6760568
0.4319666,1.2118151
1.2559999,0.7606071
1.6126,1.390071
0.98319995,1.5381275
0.79889995,1.3692056
1.2334666,1.1491959
2.2218332,1.0844698
1.0086333,1.4862313
0.5999333,1.115403
0.85489994,1.0680575
1.3828666,1.2762206
1.0963666,2.2251592
2.119,1.6255513
1.5342333,1.212081
0.4088,0.7517412
0.3614666,0.31480473
0.3339333,0.36092114
0.3425666,0.42751783
0.28243327,0.42476982
0.35099995,0.44209176
0.22309995,0.5086846
1.5419333,0.9602237
1.8616333,1.7348291
1.5826333,1.6157415
1.4338,1.3935783
0.5483666,1.2278209
0.31559998,0.5093899
1.2417667,0.34931642
1.3418334,1.1532736
0.36543334,1.100492
0.9581666,0.4335528
1.4072332,0.6334152
2.4976666,1.0058455
0.8907,1.5884141
1.2747333,0.8485801
1.1888666,2.0086126
1.7181666,1.934379
1.2335,1.65054
0.41806662,0.6754869
0.66206664,0.4297343
0.6508333,0.3841552
0.27219993,0.3839637
0.3152666,0.36703396
0.30499995,0.3978194
0.32686663,0.5153298
0.6378,0.9105804
1.8521333,1.2924813
1.4305333,1.5201776
1.4320333,1.3058141
0.61503327,1.1875589
1.0950667,0.7965044
0.48646665,1.1667544
0.43636662,0.5574489
0.3362,0.55131304
0.33633327,0.45010138
0.93649995,0.45409435
0.33349997,0.63968664
1.0712667,0.4812659
2.7609334,0.89455163
2.1508331,1.9276855
2.2494333,1.5899521
2.4007666,1.3417056
1.1041332,1.0708914
0.36596662,0.28151453
0.34976667,0.30986565
0.45789993,0.34119827
0.3013333,0.43365657
0.34600002,0.38567513
0.3224333,0.5992023
0.7884333,1.3124219
1.9180999,1.7912557
1.6187,1.6608863
1.4468334,1.4350035
0.4638666,1.2554377
0.3372,0.45621568
0.6727666,0.44496405
0.4571333,0.7814962
0.50069994,0.5897825
0.4572,0.5977114
0.5627333,0.564609
0.92939997,0.7633151
1.6340332,1.4998204
0.7245333,1.9345353
1.8529999,1.6506081
2.8006,2.7459524
1.4298333,1.673398
0.9917333,0.74448323
0.90496665,0.61226994
0.47246665,0.7368463
0.32793325,0.44465446
0.28279996,0.3299721
0.2496,0.35350174
0.7349333,0.44881994
0.87826663,1.0213794
1.9045999,1.7938485
1.4102,1.7400326
0.9942666,1.3733366
0.42676663,0.77866805
0.84456664,0.4666282
0.8244666,0.6253283
0.95799994,0.82552814
0.42096663,0.8339791
0.7772333,0.45337313
0.30036664,0.60098875
0.71646667,0.40342385
0.46999997,1.087914
1.5420666,1.400264
2.6474333,2.0119114
1.2951666,2.6388874
0.8265333,1.7664907
0.4351666,0.6788051
0.32459998,0.37171543
0.80626667,0.37848866
0.43909997,0.37762183
0.33616662,0.30547386
0.2793333,0.3536026
0.2612666,0.47959244
0.91066664,1.2389951
1.698,2.256379
0.31983328,1.7126546
0.30699998,0.53484684
0.34993327,0.47864705
0.46993333,0.6602384
0.23243332,0.7938258
0.37426662,0.47521567
0.4270333,0.44180548
0.32809997,0.47056222
0.9026,0.38912535
1.0888,0.55202216
2.1483,1.006817
1.8013,2.091265
2.3795,2.0654006
2.0765,2.0048654
2.3522,1.2901604
1.522,1.2546104
1.0361333,0.86001176
0.46099997,0.73126346
0.34499997,0.37694615
0.27406663,0.3845172
0.34279996,0.40031588
0.30256665,0.5053554
0.7187666,0.6282305
1.6514,0.88382834
1.4151,1.3340299
0.89309996,1.2188396
1.3422999,1.0539746
0.4276666,1.2833631
1.0580333,0.76824313
1.7219,1.473567
1.8109,1.430911
0.96806663,1.2897531
0.45906663,0.73182917
1.2209333,0.63149273
0.73183334,1.0248373
0.38176662,0.79547745
1.0723,0.65352404
1.8524001,1.2266577
1.9503334,1.7384224
1.9510667,1.6518034
1.9163,1.6040887
1.7626333,1.5414147
2.2740998,1.3838814
2.2359667,1.296694
1.4288332,1.0739342
0.29979998,0.6352339
0.26959997,0.33060974
0.34609997,0.4705851
0.36279994,0.5905237
0.43449998,0.6999061
0.26186663,0.8219772
0.8206,0.650599
1.1534333,1.0166091
2.1095333,1.4949775
1.6431999,1.5423355
1.5487332,1.3496839
1.0166,1.2943999
0.48259997,0.97851145
0.4251666,0.74723154
0.3076666,0.7727449
1.3973999,0.58030194
1.5438333,1.3598672
1.5374333,0.87485313
1.2895,0.85824007
0.7721333,0.7025174
0.33659995,0.43521655
0.9683333,0.39900327
0.31066662,0.36775452
0.21419996,0.33869773
0.26319993,0.40142703
0.61923325,0.56114364
1.9085666,1.2798071
1.4395666,1.5418081
0.5902333,1.1494577
0.35976666,0.45850497
0.33756667,0.3933574
0.2678666,0.47669274
1.2969,0.46145386
0.34996665,0.88799846
0.24179995,0.21051389
0.34806663,0.17148358
0.34589994,0.36516112
0.71026665,0.56010944
1.2278333,1.3229823
1.4991,2.2411423
1.7951,2.0397534
1.4222333,1.436104
0.31356663,0.8083507
0.3368333,0.44425994
0.33579993,0.39227003
0.34019995,0.41060543
0.27923328,0.3778494
0.2566666,0.36856514
0.2604,0.495915
0.62869996,1.012194
1.7493333,1.452049
1.4405,1.5286523
2.1934333,1.2099167
0.9704666,1.6170149
1.7899001,1.0119609
0.5667666,1.7361038
0.50916666,0.81015253
0.94516665,0.64944303
0.32896662,0.56080616
0.3869666,0.20579046
0.52516663,0.41505766
1.5987,0.8056426
1.9842334,1.5348345
2.0944333,1.9270508
2.1402667,1.5966047
1.3248333,1.3718143
0.85849994,0.55098814
0.39319992,0.29925084
0.40836662,0.3333702
0.38073325,0.37522823
0.35099995,0.33027166
0.23933327,0.37684023
0.30499995,0.70088285
0.81226665,1.2646294
2.0184,1.8120465
1.5053667,1.6389533
1.1082333,1.2092077
0.3105666,0.880485
0.22896665,0.38686234
0.37286663,0.4466414
0.27376664,0.57033765
0.3443333,0.33495986
0.35886663,0.31343073
0.40313333,0.41113818
0.36239994,0.58085066
0.9830333,0.8384715
0.20803332,1.2940274
0.7552999,0.94650763
1.5866666,1.6058991
1.7083666,1.8963797
1.0167,1.4612262
0.41856664,0.8393883
0.3141333,0.3987792
0.26486665,0.34941745
0.98349994,0.33144462
0.26449996,0.43740422
0.31039995,0.3143028
0.63156664,0.49713016
1.9140666,1.1336101
1.4490333,1.731415
0.55146664,1.3516176
0.5208333,0.43311715
1.3399999,0.4560303
1.4146667,1.0605695
1.4808333,1.0302902
0.5958666,1.0514028
0.27526665,0.3249371
0.21049994,0.1871466
0.26183325,0.29340845
0.79153335,0.49303192
1.3970333,1.4039916
2.9843001,2.022289
1.7319334,2.018493
1.4389,1.0644833
0.7833666,0.6154325
0.4765666,0.56730944
0.29529995,0.4121253
0.57909995,0.323936
0.6627333,0.35461557
0.19949996,0.36795312
0.2623666,0.48203945
0.6324333,1.1575389
1.9198,1.9558887
1.3942666,1.7280768
0.85959995,1.255456
0.19989997,0.68637383
0.2872333,0.4417082
0.5261666,0.5659975
0.3563,0.7837986
0.79456663,0.53472745
1.6732333,0.86298776
2.9641666,1.2641915
1.5464666,1.8171895
1.9456334,1.3417308
2.9271998,2.0789094
2.8731332,2.2791328
0.5738333,1.9198353
0.5266333,0.8161956
0.48399997,0.5249405
0.29143327,0.5209726
0.26736665,0.32783163
0.8251666,0.33952343
0.35503328,0.3597139
0.33099997,0.32407045
0.2082333,0.41649717
0.61086667,0.69616425
1.804,1.1562172
1.3786,1.611071
0.82869995,1.1447748
0.5166333,0.9208669
0.3648666,0.8921087
0.30039996,0.78725624
0.8346333,0.72614956
1.0549333,1.1034824
0.8408666,0.8005531
0.9072666,0.60174257
1.3213667,0.6507498
0.73563325,1.2273017
1.5119,1.021044
1.7384667,1.577992
1.5982332,1.5153558
1.6708,0.8941561
0.5027,0.83469105
0.38259995,0.4250365
0.4039666,0.43544888
0.41399992,0.46701205
0.4857,0.47062755
0.28163326,0.45389426
0.19709992,0.34393215
0.23706663,0.48729366
0.5294333,0.69824326
0.9478333,0.8844191
0.81906664,0.97190595
0.5698333,0.82572293
0.26589996,0.60220313
0.2129333,0.45158756
0.4809333,0.4588483
0.31873327,0.8291098
0.29509997,0.59516346
0.2528,0.46110606
0.33279997,0.42963552
1.6387334,0.6690295
1.0944667,1.8806887
2.3435667,1.8770522
1.8975666,1.8146763
0.7172333,0.957935
0.20766664,0.43661535
0.35776663,0.2653749
0.3307333,0.3780402
0.8504666,0.35845834
0.27186662,0.39101183
0.19509995,0.366875
0.27953327,0.47002327
0.63019997,0.96478975
2.1169667,1.6559899
1.4034333,1.7154058
1.3784666,1.260381
1.4202666,1.1864856
0.86889994,1.2001019
2.1722665,0.72880614
1.1652666,1.7931743
0.9749333,0.9181106
1.3373333,0.724853
1.3559,0.8721827
1.4825332,0.8903668
1.1808666,1.2502518
1.3009,1.5570934
2.0630667,1.9311271
2.5983667,1.6497812
1.6893666,1.2322271
0.6227,0.6272472
0.47203326,0.4790722
0.30283332,0.47402757
0.20446664,0.4322089
0.26889998,0.4141246
0.2723,0.41727632
0.91049993,0.5308935
0.61516666,1.078879
1.8787334,1.5871792
1.3339666,1.6947134
1.3714666,1.2938612
1.0264,1.1790514
0.73423326,0.83840066
0.8323666,0.8312974
0.59286666,0.7502759
0.30463326,0.53718895
0.4209333,0.3992654
0.4111333,0.47414535
0.2477333,0.60177994
0.3106333,0.6800451
0.5627666,1.0357374
2.0710332,1.8116145
2.0067666,1.9214315
1.0306666,1.522608
0.34039992,0.6990211
0.2854333,0.34756333
0.30536664,0.3968951
0.3270666,0.3664403
0.26043332,0.3373506
0.76869994,0.3468294
0.39396662,0.4795121
0.57839996,1.0202433
2.0355334,1.7275987
1.8892,1.7409003
1.8499334,1.4032679
1.5564001,1.4328114
0.39383328,1.1757594
0.7272666,0.47795904
1.4374666,0.81215334
0.30463326,1.2114445
0.99529994,0.351058
1.3890333,0.6356703
1.4524333,1.0123731
1.6429999,1.2569283
1.6807,2.005449
2.1387,2.789383
1.5795666,2.0934927
0.8024,1.4091254
0.37846667,0.5441654
0.33206666,0.35784018
0.49589998,0.3521496
0.7034,0.37067777
0.2988333,0.38227838
0.20333326,0.32814366
0.26559997,0.4686346
0.73136663,0.9936255
2.5547,1.8282104
1.9102333,1.9698766
1.4231666,1.4185042
1.8184667,1.2369953
0.82006663,1.3795391
1.5701,0.60958767
1.4991,1.2357926
1.4011667,1.0952644
0.6156666,0.9431689
0.33389997,0.27631223
0.3684333,0.25256342
0.62573326,0.59109235
1.2010334,1.4631778
0.9679333,2.4446092
2.0422335,1.8401157
1.0331,1.1039972
0.9488333,0.55196434
0.4999333,0.5761531
0.32029992,0.39855248
0.3141666,0.2847948
0.2668333,0.27518004
0.20289999,0.32124144
0.7952666,0.46254927
0.7827666,1.1044635
2.1366668,1.5942936
1.4683332,1.8197966
1.3575333,1.3543539
1.2881999,1.308587
0.39576662,1.155463
0.5886667,0.5156186
0.81069994,0.75193965
0.98283327,0.8377859
0.26486665,0.96705604
0.66319996,0.3363195
0.7355333,0.5800924
0.83646667,0.77466565
2.0984,1.7604878
2.2476,2.871436
1.5723667,2.0418012
1.0881666,1.2389333
0.41573328,0.74554384
0.35549992,0.36652905
0.9487333,0.3653651
0.2379666,0.41039622
0.24060708,0.2266531
0.2628386,0.2750063
0.28507012,0.4007184
0.30730158,0.8823912
0.3295331,1.4410522
0.35176456,1.2245771
0.37399608,1.0216131
0.3962276,0.88680935
0.41845906,0.8551669
0.44069052,0.8775845
0.4629221,0.76335126
0.48515356,0.5935463
0.507385,0.45395237
0.5296166,0.4164033
0.55184805,0.49117333
0.5740795,0.6744344
0.596311,0.7947371
0.61854255,0.7645751
0.640774,0.5584647
0.6630055,0.39149243
0.68523705,0.40898645
0.7074685,0.4551142
0.72969997,0.51868427
0.7519315,0.57005394
0.774163,0.5637673
0.79639447,0.5513793
0.818626,0.5869651
0.8408575,0.6728157
0.86308897,0.8824168
0.8853205,0.9046299
0.90755194,0.8889474
0.92978346,0.8569493
0.9520149,0.93505883
0.97424644,1.13714
0.99647796,1.2067759
1.0187094,1.0680982
1.0409409,0.8223255
1.0631725,0.69948065
1.0854039,0.802058
1.1076354,1.0715663
1.129867,1.3783755
1.1520984,1.4041135
1.1743299,0.9579754
1.1965615,0.6418194
1.2187929,0.6174597
1.2410244,0.68931615
1.2632558,0.7220533
1.2854874,0.7174115
1.3077189,0.73877525
1.3299503,0.7664427
1.3521819,0.8233783
1.3744134,0.9585388
1.3966448,1.1331859
1.4188764,1.2264637
1.4411079,1.255266
1.4633393,1.2489694
1.4855709,1.230492
1.5078024,1.2155454
1.5300338,1.1959668
1.5522654,1.1785022
1.5744967,1.177651
1.5967283,1.1950284
1.6189599,1.2298079
1.6411912,1.2726512
1.6634228,1.3350676
1.6856543,1.3638414
1.7078857,1.2748429
1.7301173,1.1339943
1.7523488,1.0158437
1.7745802,0.9510672
1.7968118,0.9481416
1.8190433,1.0399714
1.8412747,1.1300296
1.8635063,1.2292798
1.8857378,1.3451471
1.9079692,1.4698544
1.9302008,1.5465854
1.9524323,1.6003672
1.9746637,1.6493251
1.9968953,1.6785619
2.019127,1.6880691
2.0413582,1.67937
2.0635898,1.6729773
2.0858212,1.6900501
2.1080527,1.7064896
2.1302843,1.7160773
2.152516,1.7269671
2.1747472,1.737802
2.1969786,1.749485
1.9826334,1.7504611
2.0791667,1.4777182
1.0864333,1.5317997
0.9712333,0.9211719
0.9060333,0.81591296
0.7261666,0.8956491
0.84639996,0.7136618
0.5398333,0.4676627
0.35456663,0.5301147
0.36576664,0.78505075
0.7652333,1.0736506
2.4926,1.4599414
1.5998666,1.8508439
1.5772667,1.3521662
1.4527,1.3708138
1.4236666,1.3275392
1.0519667,1.2141216
0.39596665,0.7875712
1.1739333,0.50567526
1.6014333,0.96405685
1.4675333,1.3024163
1.4179666,1.2189151
1.231,1.1946064
0.92606664,0.9896251
1.7860667,1.386593
1.5102667,2.020577
1.3881999,1.6536139
1.0732666,0.7143546
0.49509996,0.5655818
0.6155666,0.47342288
0.60819995,0.49492794
0.4978,0.4781624
0.54829997,0.5172061
0.48079997,0.78567195
0.9968333,1.2494503
2.6383667,1.7621889
1.6083,2.0268788
1.3473333,1.4822862
1.4476333,1.2497584
1.1480333,1.2559963
0.5352,0.87164074
0.57113326,0.5708099
0.6650666,0.64501154
0.6374333,0.7739747
0.4538666,0.74431884
0.68439996,0.69842947
2.0233333,1.3694301
0.73043334,2.3575997
0.4445333,1.6311798
0.35016662,0.98557544
0.4571666,0.5127211
0.8196333,0.44152713
0.46653324,0.7255813
0.46446663,0.44679368
0.3935333,0.42264456
1.1539667,0.3891582
0.2984333,0.57396454
0.34769994,0.45722854
0.7348666,0.88021266
2.3709,1.8076974
1.4533999,2.0097709
0.4616,1.5402696
0.4330666,0.6319118
1.5200666,0.5962417
2.4493666,1.3858752
1.7681667,1.9477239
1.4742666,1.5394524
1.0447667,1.143392
1.7117666,0.9548373
0.3544333,1.3809861
0.5629,0.4899341
1.1308333,0.9611405
0.79746664,1.8254461
2.1828332,1.0232197
0.6092,1.1809576
0.8958,0.28940618
0.36519998,0.27818096
0.8989666,0.4119951
0.3085333,0.84468496
0.94479996,0.41325885
0.36136663,0.4744653
0.42223328,0.47027194
0.8281666,0.7520405
2.1751666,1.3624439
1.8114667,1.8130777
0.49213332,1.5595143
0.41699994,0.7639914
0.80969995,0.8492124
0.5983,1.1669477
0.74863327,0.8437174
1.8700666,0.9781135
2.1852334,1.616904
1.9975667,1.6897454
1.5547667,1.6000776
0.7696666,1.4750396
1.5142666,0.7345597
3.9403,1.4204894
3.7497334,2.0188959
1.6859,1.9207914
1.6050665,0.8426159
0.37209994,0.99263227
0.36469996,0.3788061
0.44966662,0.41881204
0.44079995,0.38991976
0.34553325,0.36429733
0.38326663,0.36977148
0.3012333,0.5240108
0.61253333,0.76484656
1.1061,1.0277379
2.2385998,1.0178144
2.4140334,1.7089719
3.395,1.9544338
0.9115666,2.4097276
0.49683332,1.4572331
1.9401,0.9812423
1.2537999,1.6231579
0.99906665,1.1032411
0.4815666,1.1692748
0.68033326,0.7190587
2.3235667,1.1299754
3.3895335,2.832963
2.5301666,2.8782349
1.6654,1.5411065
1.4159,0.9029727
0.9609333,0.7169038
0.8806,0.7723128
0.86169994,0.77633834
0.91679996,0.7569132
0.8580666,0.7432699
0.8383,0.96754915
1.1786666,1.660964
2.6861,2.3842578
2.0932667,2.1096642
2.0266,1.7587347
1.3339,1.7711055
0.71016663,1.3857325
2.3162665,0.84234357
0.7096,2.1084533
0.52583325,0.8229569
0.39159995,0.61467934
0.39926666,0.5269668
0.41109997,0.56862473
1.7182,0.7874641
1.9817,2.2403598
3.0398333,2.630704
1.7196667,2.47362
0.54819995,0.89040416
0.49296665,0.5173885
0.8594333,0.46433473
0.5623999,0.4111535
0.35799992,0.3863939
0.3088333,0.34361172
0.37179995,0.39829522
0.43066663,0.6608623
0.7420333,1.3956705
2.0004,1.8193705
1.517,1.7227056
1.8256999,1.4475152
1.846,1.7210913
1.7279333,1.8560071
1.7133666,1.8202381
1.4542667,1.7533916
2.0899334,1.269666
1.9053333,1.9669619
1.0108666,1.3712765
0.6083666,1.2948501
0.7721666,1.1883754
1.6626999,1.8883756
2.6547332,2.7945094
2.0591667,2.4449358
1.4241999,2.1838727
1.0051,1.2756225
0.87506664,0.85926163
0.68056667,0.7544149
0.9842333,0.62405217
0.4594,0.44651574
0.3728,0.42233682
0.39909995,0.44903427
0.75133336,0.9261704
2.5970666,1.9533778
1.6357334,2.1113944
1.5241333,1.6031303
1.1807,1.4895585
0.5537333,1.0495687
0.8957,0.6202327
0.5153333,0.87356097
0.8986666,0.65444756
0.33549994,0.7932749
1.0196667,0.42077595
0.6263,0.8837889
0.84646666,1.2600708
0.5906,2.2255714
0.32639998,1.7795246
0.6318333,0.74354523
2.0092,0.6704018
1.2147332,1.050196
1.0243666,0.76950556
0.3856333,0.8133791
0.38966662,0.41191864
0.3555333,0.4477855
0.32149994,0.45438027
0.4098,0.505651
1.0831666,0.66966
1.9995334,1.8439345
1.6685333,1.8386246
1.3728333,1.6347095
0.3074333,1.3109894
2.0634665,0.44723582
2.7403333,1.8113778
1.7774999,2.33913
1.4842334,1.636663
1.5586,1.2146803
0.8323333,1.2263594
0.35849994,0.4875247
1.3070999,0.4532714
1.5182333,2.0653367
2.6653333,2.5970585
2.6905665,2.1097188
1.0739332,1.7605622
0.7777666,0.6707785
0.6089333,0.5842423
0.37006664,0.5385169
0.34419996,0.40633106
0.39343327,0.3762226
0.36926663,0.39961845
0.9103333,0.55565166
1.2194333,1.4192629
2.5051332,2.455297
1.4521667,2.04522
1.4495332,1.450918
1.1779,1.4234548
0.83956665,1.0621966
1.4639,0.8896285
0.8123333,1.2999629
0.5837333,0.6725503
0.538,0.50385535
0.45839995,0.5571224
1.0036,0.7114132
1.0515333,1.0479205
1.6870666,1.773381
2.4364333,2.6668754
2.3099332,3.0461378
0.65663326,1.6685102
0.5327333,0.5251923
0.52063334,0.48437858
0.46199995,0.4842474
0.44806665,0.4540069
0.4321,0.37420827
0.37166667,0.37999833
0.43496662,0.5063271
0.9831333,0.90361404
2.2699666,1.500004
1.6211667,1.9130006
1.1513666,1.4159731
0.43253332,1.2637858
0.6496666,0.8737051
0.45699996,1.2642219
1.6798333,0.99155354
1.0910333,1.751029
1.7415667,1.3061739
2.0009,1.7474511
1.1672666,1.7798116
1.4580667,1.3308537
1.9979999,1.8669214
1.6389333,2.0580134
1.7664666,1.3042725
1.3904333,1.0694643
0.6962333,0.76428235
0.8864,0.50626886
0.46696663,0.70917475
0.5641333,0.43082857
0.44109994,0.4115168
0.6176666,0.4007241
0.4273666,0.50113034
0.43576664,0.6024873
0.70486665,0.78390205
0.93069994,0.8487652
0.9249333,0.96595937
0.87389994,1.1156195
2.3828666,1.0547892
2.1922998,2.2614064
1.5573666,2.1732206
1.1002333,1.59955
0.52629995,0.9887541
0.9970333,0.6670354
1.6078666,1.484901
1.8290666,2.3175888
3.4917998,2.6071897
3.3115,3.1109533
3.9012666,2.2957592
1.9865999,2.3407893
1.1570666,1.3206499
0.5145333,0.9098117
0.44873327,0.5307832
0.5646666,0.49448138
0.4429,0.5078754
0.5548666,0.5577939
0.8807,0.7176088
0.9417333,1.1281023
2.3788333,1.5285256
1.6552999,1.8215554
1.6319666,1.5156045
1.0574332,1.4424548
0.44083327,0.93606925
0.6579666,0.5968046
0.5452333,0.7976701
1.0426667,0.6855749
0.6156666,1.2670832
0.43489993,0.6996726
0.96386665,0.66858166
0.7315999,0.855065
3.0931664,1.1043963
2.2855668,2.3734908
3.043,1.6462009
1.5139999,1.3163081
0.6030333,0.513588
0.39453328,0.38669825
0.3976333,0.46586752
0.4686333,0.52003884
0.3374666,0.46433568
0.33383328,0.4771543
0.45113325,0.6910337
1.1301666,1.1915795
2.5198665,1.7997987
1.7209332,1.96805
1.7519333,1.587028
1.8285667,1.6116794
0.9488666,1.8347003
1.8454,0.7630588
0.85669994,1.7292293
0.45806664,0.6321889
0.5882333,0.405617
0.41599995,0.5473764
0.41026664,0.5708794
2.1127334,0.77439415
2.1564665,2.399551
1.9101999,2.8337178
1.3085666,1.5363474
1.2893,0.8934612
0.69269997,0.85764587
0.38376665,0.6130053
0.45859998,0.47578388
0.31696665,0.4360239
0.36466664,0.38999724
0.9848,0.42634344
0.46409994,0.6738483
0.9301333,1.1906439
2.8442667,2.123909
2.3646667,2.1621332
1.6671,1.8259544
2.0778666,1.422538
1.5266,1.6491733
1.6007667,1.4812294
1.5731666,1.4386568
1.9104999,1.3983527
1.9113,1.3996083
1.6610999,1.3638973
1.5490999,1.3245263
0.9845666,1.4528255
2.0344,1.5382156
2.3769999,2.4062386
2.1648667,2.0903387
2.0436,1.7151715
0.37086666,1.1629109
0.37043327,0.3792132
0.4776333,0.44986397
0.34119993,0.47450775
0.3867333,0.45327926
0.37803328,0.45457828
0.43933332,0.59456754
1.1876,1.339971
2.9720998,2.1134653
1.7274,2.2526789
3.2096,1.6349591
1.8472667,1.856802
0.9929333,1.7019502
0.9460666,0.99313265
1.2267666,0.80803454
1.9145,1.054515
0.90379995,1.4474055
0.9570333,0.7475054
0.41783327,0.84782386
1.7473333,1.0585688
4.1177664,2.8795505
2.9113,3.5037107
3.2241998,2.3865967
2.3347335,1.9481075
0.5537666,0.95088524
0.40123332,0.35101753
0.4129666,0.36806387
0.44096667,0.39559358
0.32879996,0.40963233
0.33223325,0.4633125
0.4362666,0.7450558
1.1134666,1.6413794
2.0124,2.4386148
1.8971999,2.098882
1.5839666,1.7705764
1.6329333,1.6491251
1.8261,1.672212
2.0656667,1.8859065
1.5737667,1.8884315
1.4675333,1.4269824
0.59486663,1.224083
0.5591999,0.42666763
0.5644333,0.6335615
1.4324666,1.2215896
1.8231666,2.634851
1.4465333,2.7930841
1.1574999,2.0557804
1.0036333,0.98066884
0.49809998,0.65754896
0.3273666,0.3967548
0.3091333,0.43382174
0.43116665,0.3827185
0.38120002,0.37423325
0.37649995,0.4110663
0.34116662,0.5373524
0.79453325,0.9395244
2.1444,1.6275027
1.9714333,1.9861263
0.9704,1.8333007
1.8662333,1.3755906
1.3443667,1.9392625
0.73569995,1.5591965
0.35849994,0.9414435
0.49079996,0.7028214
0.3715666,0.79814136
0.31699997,0.67105556
0.4180333,0.6416805
0.33413327,0.960343
0.37299997,1.1826898
0.8722333,1.0725242
0.38303334,0.75759184
0.41023326,0.4631186
0.34476662,0.42253602
0.3717333,0.44687945
0.3329,0.45845002
0.41259998,0.44250774
0.31309998,0.3899287
0.36276662,0.3514635
0.3623333,0.37444377
1.0407333,0.4904312
0.37269998,0.7888334
0.3803,0.61305237
0.37629998,0.6455382
0.32896662,0.7265915
0.3000666,0.6938669
0.31323332,0.7003
0.36516666,0.710794
0.4965999,0.72525513
0.37656665,0.72814965
1.1914333,0.5931808
0.49259996,1.1211681
0.5668333,0.7038928
2.0301,1.1188501
2.4540334,2.6372256
2.1380668,1.7080592
0.9011,1.2299279
1.1761333,0.6438966
0.5301333,0.4711799
0.38409996,0.4019121
0.3213666,0.45530105
0.3314333,0.50128144
0.43443328,0.5177195
0.3197,0.5727092
0.78959996,0.9560238
2.4543,1.8707001
2.4650998,1.9539422
3.6570668,1.8701265
2.6036,2.037144
2.8090334,1.8911929
3.8364334,2.3161778
3.2431002,2.1184287
1.9637,2.1380079
0.51806664,1.6078304
0.4604,0.5457726
0.6647333,0.6216923
3.3914666,1.0864284
3.7569666,2.8981009
2.67,3.1612682
3.3768997,1.6747512
2.5095,1.6671495
1.7402666,1.6479939
1.5425667,0.9516444
0.68509996,0.7840705
0.3174333,0.3757928
0.3078,0.3245871
0.4394666,0.3863867
0.39946663,0.46312106
1.0450333,1.0038867
2.9890332,1.7436227
2.1062,2.3114629
1.7980332,1.7447132
0.5930333,1.6935259
1.8148,0.6984327
1.1293,1.8361006
0.5172333,1.2479689
0.40459996,0.5271279
0.40176666,0.4950704
0.47349995,0.52370137
1.1286666,0.6650913
3.5383334,1.9114565
2.9301,2.845407
2.9603333,2.7096734
2.5300665,2.594419
1.3266333,2.1965027
0.72113335,1.3099914
1.0303333,0.5506137
0.39339995,0.43409514
0.32939994,0.34260088
0.44256663,0.38801938
0.31929994,0.40733987
0.3124333,0.60827214
0.9232333,1.1487011
2.8660998,2.0703237
1.8684666,2.280025
1.8460666,1.6756065
2.0108666,1.7332473
1.8959333,1.9904283
1.3926666,1.9577405
0.40853333,1.3331306
0.53006667,0.38158584
0.5278333,0.51739395
0.33186662,0.5187472
0.3321333,0.5374027
1.3226666,0.79524696
2.1848001,2.4147708
2.2927666,3.196332
2.8043332,2.0845833
1.6536334,1.6259148
0.78,0.5756833
0.44679993,0.49893445
0.6637666,0.3825552
0.43786663,0.47351515
0.34063327,0.3974161
0.34099996,0.49716377
1.0228666,0.6776455
1.2183666,1.4273776
2.4748666,2.3540547
1.2261666,1.9784582
0.31733328,1.2682619
0.3232333,0.59138
0.39196664,0.6510855
0.49436665,0.6408198
0.38803327,0.7021723
0.47696662,0.5262231
0.32703334,0.48323482
0.9159333,0.48920923
0.36683333,0.7492709
1.3011333,0.8942126
1.8244333,2.3773103
1.9475666,2.16628
2.5819666,2.4905539
1.9928666,2.4773579
0.7646333,1.1780776
0.5243666,0.61276805
0.63226664,0.48974538
0.51809996,0.4526428
0.52056664,0.574353
0.52086663,0.63447446
0.58559996,0.8335178
1.7711666,1.6514328
2.4587998,2.3969982
1.5222,2.10002
1.5559332,1.6303325
1.3845999,1.5987885
1.3729999,1.4378221
1.7621666,1.3186398
1.5787,1.6897401
1.4756,1.3821383
0.76699996,1.1453917
1.1825666,0.57571435
0.48209995,0.8988279
0.71369994,0.8348522
1.4246666,1.7107799
1.3845,2.4972346
2.2917666,2.1229577
1.0726666,1.1508719
0.3119666,0.55031294
1.4291666,0.37521297
0.36633325,0.79754186
0.48646665,0.39132762
0.3881333,0.35461563
0.37733328,0.38633204
0.3275333,0.51698947
0.6352999,0.9201246
2.3587332,1.521111
1.5689332,1.8317167
1.2997667,1.5450889
0.42289996,1.5326933
1.0934,0.8849573
2.0735,1.4602516
1.7854667,2.0577598
2.6106,1.9283308
2.4896,1.9700189
2.5465,1.9730613
3.2707334,2.1137676
2.5243,2.1857135
1.7952666,2.7743957
1.6554999,2.1902065
3.3083,1.717135
1.2988333,2.0093687
2.1079998,1.1471221
1.7188666,1.3241136
1.4979333,1.0988188
1.9704,1.116252
1.7044332,1.3712476
0.8521333,1.2103617
0.37946665,0.4668473
0.36746663,0.5932894
0.38619995,0.8703524
0.6388999,0.81027293
1.1032,0.99828285
1.5886667,1.0830275
1.8669,1.6577129
2.8367333,1.9757104
2.8522334,2.175159
3.7340002,2.3382125
1.7421355,2.2527287
1.4821999,1.4000175
1.9752667,1.5480689
2.5342002,2.1679254
2.5804334,2.8930278
1.3936334,2.8628378
1.0190666,1.6847519
2.3188667,0.7833097
1.3281666,1.0257937
0.6191666,0.615021
0.5782666,0.58015245
0.38159996,0.452285
0.3448333,0.4312169
0.34139997,0.47527212
0.3576666,0.62329745
0.49223334,1.0175049
1.7558333,1.5811192
2.1565332,1.5905796
1.4889333,1.7463845
1.5511,1.3333358
0.7614,1.3099595
0.3275,0.60546464
0.31946665,0.4014455
0.35879993,0.42422277
0.39349997,0.47867262
0.45196664,0.5732093
0.35316664,0.64696956
0.4421,0.8347777
1.4117666,1.1354082
1.0943999,1.5992026
0.99469995,1.7000794
1.2006333,1.0196177
1.2112333,0.88278246
0.68909997,0.94997126
0.3165666,0.58889496
1.0714667,0.41831738
0.3536666,0.4264766
0.5006666,0.32902646
0.3230666,0.3406418
0.31646663,0.6842281
0.61496663,1.1306384
0.6816333,1.583702
1.0353,1.1756546
0.63166666,1.2906137
3.0101,0.80984426
1.1093667,1.9438825
0.4098333,0.97612923
0.3274666,0.56780046
0.33549994,0.53165805
0.35383332,0.5506806
0.5167333,0.63031995
0.34539998,0.9495579
0.29933327,0.8090595
1.0135334,0.7713297
0.3625666,0.7636157
0.48939997,0.51220775
0.6574333,0.40007448
0.78896666,0.6503895
0.70739996,0.7459706
0.8959333,0.50504994
0.37669992,0.36095804
0.32256663,0.43633014
0.3140666,0.47759855
0.39449996,0.6256254
1.7022667,1.0226474
1.8992667,1.6579192
1.5357,1.6734179
1.8381,1.5051494
2.5886,1.5562215
0.3977,1.7092845
0.68106663,0.4990186
0.51766664,0.772232
0.47103333,0.58727956
0.68476665,0.4849733
0.5363,0.7194146
0.5009,0.8085937
0.82759994,0.9738443
1.0392333,0.8418542
0.38156664,0.7496995
0.80869997,0.44621253
0.7940333,0.76347196
2.0628,0.706777
0.576,1.1513795
0.35203326,0.4161039
0.32826662,0.38699293
0.41796666,0.48377138
0.39539993,0.5378225
0.38419998,0.7519158
0.48639995,0.92203975
0.79093325,1.2558976
1.6559,1.6286919
1.3800666,1.6246088
0.36676663,1.3981109
0.47306663,0.5771635
0.5296666,0.56849647
1.4190333,0.6817808
2.2539,1.1400955
2.0625,1.8418157
2.1038666,1.5569308
1.3175333,1.5656376
2.4235,1.2280706
0.5319,1.8411046
0.42783326,0.7784077
0.7487999,0.78646386
0.9004333,0.8350458
1.0361999,0.9303351
0.59889996,0.5714678
0.4651,0.40161997
0.31679994,0.3988955
0.31619996,0.49700147
0.38639992,0.5677336
0.5106999,0.6848316
0.30616665,1.0484275
0.4793666,1.5883696
1.4061666,1.6019633
0.52846664,1.7045679
0.61539996,0.80989563
1.0566666,0.9876853
0.8221333,1.5220822
0.7339333,1.1524034
1.3253,1.0540383
0.5244333,1.3230585
0.6262333,0.79564226
1.2063667,0.8679624
1.314,1.5978829
1.5519667,1.5701505
1.6412333,1.6615505
0.9650666,1.705116
1.3405,1.1531974
1.6557,1.203673
1.2114667,1.0878962
0.90886664,0.8205763
0.51989996,0.71449304
0.36356664,0.2995066
0.31159997,0.38480127
0.32016665,0.5110331
0.46556664,0.69300866
0.4008333,0.8183391
0.37793332,0.84862924
0.7758666,0.76565945
3.133233,1.117009
0.905,2.3812103
1.2232666,1.1277536
1.7463999,1.3050368
1.5429,1.6027415
1.6637,1.3495524
1.5299,1.5842863
2.1401668,1.451864
2.6026332,1.9342353
3.3127003,1.9150167
3.0156002,2.046344
2.8801665,1.861938
2.8712,2.0627525
1.8089666,2.148899
1.4758999,1.3951464
1.4298999,1.2256372
1.5552332,1.1388253
1.4665,1.2406178
2.9102998,1.2137436
1.9305665,1.5724897
0.32919997,1.0769398
0.35499996,0.52787775
0.3982333,0.7052908
0.5090333,0.78483665
0.31976658,0.9054506
0.33593333,0.7610231
1.1764333,0.7609724
1.5386666,1.2030052
0.59559995,1.384832
0.34516662,0.85534513
0.45873326,0.60267925
0.3284666,0.76653117
0.36433333,0.6284468
0.39279997,0.78644514
1.2171667,0.79961747
1.3272667,1.339128
2.038,1.0928022
1.3194,1.1186537
1.4804333,1.102234
1.2860333,1.1650203
1.0646666,1.0757228
0.3274333,1.0229405
0.45039994,0.5204502
0.40496665,0.5718077
0.3845666,0.71170044
0.3178,0.9535829
1.1984,1.0714564
0.44129997,1.2429526
0.40673327,0.64896494
0.7283333,0.6723143
1.8742666,0.88681346
1.4406999,1.8146322
1.4621667,1.2830298
1.6175,1.229803
1.4483,1.4230518
0.66163325,1.3226948
0.33193326,0.5529889
0.47499996,0.52905977
1.0677333,0.84728146
1.3896666,1.802016
1.4736333,1.5887737
1.4327333,1.2997062
1.2633667,1.2263194
0.39633334,1.2255725
0.33009994,0.50149184
1.4277333,0.58788973
0.37996662,0.6922985
0.40353328,0.57656497
0.4835,0.56298196
0.5343333,0.9303968
1.4453332,0.96880466
0.86536664,1.3720975
0.43026662,0.7120589
0.3439666,0.4875126
0.40273327,0.52801716
0.36106664,0.59854746
0.37656665,0.65850055
0.3728,0.71252394
0.3232,0.6487707
1.1502333,0.43236244
0.84089994,0.65984094
1.2145,0.61824423
1.3573667,1.2674608
1.429,1.6036302
2.2864666,1.4829514
0.61329997,1.3592608
0.9561666,0.5588621
1.0623,0.7539787
0.40226662,0.8374692
0.32999998,0.5515914
0.38843328,0.5545278
0.52633333,0.57483137
1.0215,0.78805804
1.9960666,1.6853375
2.0325,1.6683267
1.0415666,1.7014182
0.3885666,0.8824464
0.32889998,0.4924873
0.4435333,0.53433627
0.32583332,0.57110506
0.38909996,0.5529379
0.3891666,0.7260783
0.67906666,0.71775734
0.98109996,0.84517837
1.2301999,1.176472
1.6190333,0.79975224
3.1431665,1.692668
0.89979994,2.0808067
0.36706662,0.7440151
0.5018333,0.40544266
0.84229994,0.421574
0.5743666,0.44018358
0.34276664,0.47101557
0.4557333,0.5277935
0.39526665,0.53357375
0.8127333,0.8166774
2.2722,1.6782655
4.4189,2.1235013
2.2490335,2.0657873
3.6266332,1.8838067
3.2412667,1.9465543
2.1015666,1.8082945
2.1523,1.4056506
0.8233,1.5141869
0.70589995,0.78549445
0.44949996,0.73368716
0.6564666,0.6524023
1.6958666,1.1240897
4.0537667,2.8199253
4.4625998,3.5266619
3.0971665,2.92614
2.0152667,2.7053359
0.6390333,1.2730831
0.48776662,0.47287607
0.3417666,0.47425598
0.38386667,0.49118143
0.42143327,0.4379388
0.47933328,0.43230462
0.3457666,0.6364238
0.7456,1.1634696
2.7621999,1.9978507
1.8461332,2.4517846
1.5481,1.866701
1.4172333,1.6399429
1.4705,1.4759485
1.7144332,1.4519687
1.6336999,1.7802553
1.4995667,1.5940938
1.5889666,1.343118
0.85246664,1.5528128
0.7742666,1.2245226
1.1301,1.2733899
1.7655001,1.798337
2.204533,2.3747175
1.8398666,1.8211279
1.3280333,1.176079
0.3536666,0.91009784
0.31849998,0.39200985
0.48493332,0.46324605
1.0021333,0.45704937
0.34649998,0.45003664
0.33843327,0.38318294
0.43973327,0.5082949
0.6567333,0.8983
2.6104333,1.62535
2.1137333,2.249958
1.3695999,1.8704798
1.1997333,1.5932932
2.4701333,1.6663305
1.9629667,2.5468724
1.1770333,2.2471104
0.5483333,1.4627236
1.8849,0.7505916
1.7088332,1.9177198
1.5478333,2.1919549
2.0902333,2.135314
1.8949333,2.4530082
1.2521666,1.7297516
1.1034333,0.9960088
1.0556667,0.53143054
0.5132,0.50519466
0.511,0.4812389
0.36049998,0.4395858
0.37623328,0.43118912
0.39909995,0.3553337
0.4824,0.35156798
0.3278333,0.44297612
0.33849996,0.6476946
1.0310999,0.9172124
0.61076665,1.0439963
1.5049666,0.9000578
1.7558333,1.6991336
2.0469332,1.7465732
1.7646,2.0335543
1.2351333,1.8540959
1.4556,1.3022428
1.7619,1.4825387
1.2386,2.0725
1.2321333,1.3979895
1.9366,1.8956602
1.9461,2.6816797
2.1082335,2.3126924
1.7344333,1.5183265
1.2988333,1.1937164
0.4396,0.854028
0.3135,0.41555798
0.40163326,0.48402697
0.376,0.50342
1.0100666,0.46110678
0.3308,0.3925916
0.3314333,0.5249535
0.9282,1.0744818
2.6106668,2.2074447
1.7462,1.9272952
1.4879999,1.569047
1.3425666,1.3566995
1.3471333,1.2562935
1.5107334,1.2330999
2.0889335,1.2422545
1.2386999,1.8157942
0.9437333,0.91429436
0.44696665,0.8419291
0.6663333,0.73417366
1.5785999,1.3553294
2.1504333,2.6613672
2.5562668,2.8618042
2.6497333,1.8457417
1.8272333,1.6340168
0.54179996,0.89646703
0.37689996,0.33931988
0.34789997,0.37417203
0.31756663,0.44027692
0.31586665,0.45124066
0.3116666,0.45144337
0.39126658,0.712579
1.6285,1.3505622
1.9789667,1.7597481
1.9015334,1.7758522
1.7798333,1.7185614
1.0868334,1.7089329
1.5031999,1.3918484
1.3461334,1.5760782
0.9226,1.1911857
0.5484333,0.8349966
0.48606664,0.5311811
0.6602,0.6253946
2.2828,1.1865145
2.8098333,2.344029
2.416,2.5374126
3.7866998,2.1817207
2.9360666,2.388571
2.3407333,2.102066
1.2260333,1.3554771
0.7873333,0.5972357
0.42169994,0.52716506
0.3275333,0.34852916
0.3299333,0.37493634
0.3084666,0.42196786
0.34516662,0.73380536
0.7614333,1.4583669
2.8744333,1.9415804
2.3632333,2.197815
1.7860999,1.8309412
3.3720002,1.6504874
3.2857332,1.9734702
1.4770333,1.9237571
2.4002333,1.522594
2.0136666,1.7903078
1.5725666,1.6622592
1.5676666,1.4231477
1.308,1.5579824
1.7590333,1.8807254
0.9631666,2.7200494
0.39333332,2.2299752
0.43519998,1.4915876
0.3868333,0.82309693
1.2024333,0.45985746
0.5653333,0.5130655
0.35243332,0.46783316
0.31609994,0.33486122
0.34573334,0.36607492
0.36686665,0.42708087
0.3636666,0.46439314
1.1501666,0.9475764
0.6459333,1.4853226
0.8163,1.4512651
1.1073333,1.3917379
1.4271667,1.5253295
2.6264334,1.5222358
1.8741333,1.7774645
1.2342,1.3828446
1.7211666,1.0298423
2.8895001,1.5973017
2.7048001,2.3575969
2.3609,3.0047338
1.5769334,2.4082441
1.6116333,1.975493
1.8592666,2.1646123
0.8788,1.9071932
0.48406667,0.90479416
0.28099996,0.43014115
0.881,0.37929064
0.26726663,0.47230887
0.35063326,0.28545946
0.32039994,0.29906082
0.27919996,0.41567403
0.28959996,0.67921996
0.65636665,1.3104256
2.694,2.044321
2.3759,2.2990675
1.5554667,2.0295038
1.8644333,1.6522295
1.4117333,1.7235413
1.4349333,1.4692214
0.8018333,1.3638579
1.3209333,0.9372028
1.7907666,1.4826782
1.3616667,1.9622943
2.4561,2.0011544
2.2808666,2.3605616
2.3919666,2.3097477
1.7533333,1.92589
1.1149,1.1153698
0.32053334,0.6386514
0.63986665,0.40896136
0.6910333,0.64002836
0.84809995,0.66066754
0.30939996,0.40299445
0.28396666,0.31709522
0.3494333,0.34740746
0.37116665,0.48474264
0.5848,0.83133405
2.1325998,1.3743757
1.4960333,1.8921468
0.7291666,1.5918149
0.4220333,1.463382
1.1491,1.0698041
1.1452999,1.4847826
2.062,1.6338012
2.0979333,2.2334962
2.1959667,2.492744
3.2211332,2.9134839
2.7615666,3.5191593
1.7153,2.7756104
2.2923331,1.9081061
1.7131667,2.12573
1.7057999,1.2754664
1.6986333,1.2220005
1.7436,1.2325792
1.845,1.2492634
1.5677333,1.2035046
1.0019666,0.9394798
0.5980666,0.52020586
0.33706665,0.51086897
0.36503327,0.34337312
0.28716666,0.4645207
0.30586666,0.5752089
0.52803326,0.60963345
1.1209333,0.8715136
1.1384666,1.412673
1.027,1.410192
1.3779666,1.4962983
1.2797667,1.7689111
1.4889667,1.762797
4.1565666,1.8169346
2.8365333,2.833043
2.3593664,3.2094183
2.3845334,2.9702907
1.4889333,3.0143852
2.6314332,2.2605581
2.5521665,1.8156816
0.9064666,1.3627102
0.38816667,0.6847695
0.28103328,0.44877768
0.3460666,0.47177863
0.3284666,0.42590922
0.5818667,0.37327564
0.6005,0.3982317
0.35329998,0.5809182
0.87149996,1.188023
2.6275334,2.164908
1.5820999,2.0359635
1.3828,1.5234144
1.3088666,1.3199757
1.3804,1.1599947
3.3210669,1.1500326
2.8092666,2.0288594
0.4295333,1.9053574
0.38729995,0.5822678
0.51523334,0.672737
0.8739333,0.9776363
1.3073334,1.5949928
1.5779333,2.340421
2.9927998,2.44867
1.5087667,1.9670782
1.2497,1.1483285
0.5057333,0.6321634
0.32379997,0.5333995
0.2922666,0.4677446
1.0268333,0.41331005
0.30073333,0.3753338
0.27913326,0.39533806
0.33756667,0.5513434
1.2221667,1.1786441
2.455233,2.2563868
1.6832333,1.9354342
1.5804999,1.5162601
1.4629667,1.5070821
0.9056666,1.5462153
0.3705333,0.843749
0.36646664,0.46407682
0.28203332,0.4647295
0.31459993,0.37681806
0.53909993,0.51601
1.4056,1.1063756
2.0628667,2.1502314
1.9873999,2.1510725
2.1772332,2.4013298
2.530033,2.0842872
0.7507,1.6242702
0.50579995,0.51320845
0.36769992,0.40261847
0.2940666,0.38470244
0.3284666,0.41200173
0.32553327,0.44066834
0.58849996,0.44607842
0.74216664,0.68603516
0.92569995,1.5052638
2.7571335,2.4682436
1.4536667,2.2421682
1.3489333,1.565981
1.3998333,1.441004
1.4121,1.5138733
1.5148,1.4643115
0.6901666,1.4692936
0.28029996,0.559178
0.45989996,0.29966873
0.80006665,0.53599817
1.0461,1.307337
1.6297333,2.0806842
2.3266668,2.572391
2.2446666,2.470366
1.7382666,2.077972
1.0596,1.1187536
0.6331333,0.7673495
0.44186664,0.56829387
0.39063329,0.50619805
0.5135333,0.46714908
1.0192,0.49248105
0.45959997,0.60786974
0.3853333,0.75031304
0.9687,1.2941322
2.6866665,2.2419848
1.5315,2.2142625
1.3510666,1.5766422
1.3487333,1.3942199
1.3437667,1.2605584
1.5857999,1.1526822
0.9234666,1.3107377
0.41346663,0.68530345
0.3256333,0.41109592
0.46526664,0.4228369
0.5778333,0.93568254
2.7284331,1.4485334
2.5739331,2.9055128
2.1646667,2.0934973
1.9349666,1.8119813
0.9224333,1.025287
0.4793666,0.6800196
0.3419,0.45809966
0.27706665,0.39409465
0.95486665,0.4114043
0.31469995,0.4731199
0.33873326,0.36914814
0.2649333,0.45202363
0.85006666,1.3371873
2.2033,2.4591198
1.4469666,1.9033998
1.3643667,1.6099594
1.3499,1.5538296
1.3954666,1.4896524
1.3907,1.3974038
1.5943999,1.1800551
1.5211,1.2978991
1.6228666,1.1743493
1.4697,1.4277008
0.8242667,1.5904068
1.0184666,1.4747958
1.2497666,1.8109326
1.6652666,2.025281
1.7783666,2.1018786
0.6019666,1.2402403
0.33419997,0.44512033
0.31696665,0.3626095
0.28489995,0.38793647
0.35669994,0.42919904
0.3102666,0.48784524
0.32653326,0.44895214
0.88526666,0.57482076
0.7865666,0.91965425
2.6342335,1.3812621
1.9728333,2.0152857
1.8750666,1.6575272
1.2921333,1.7176366
2.6911335,1.6882179
1.1306,2.3312554
1.298,1.7085296
1.0514333,1.2760233
1.2581667,0.9226047
1.5170333,1.0568773
1.7953,1.3972707
5.6268334,1.8877735
3.2597003,4.07409
2.1171334,3.1085463
1.7741,1.7017432
1.3263999,1.5277721
0.7294666,1.159275
0.51989996,0.6533822
0.29379994,0.51593554
0.8967999,0.3873242
0.32989997,0.3787548
0.34456664,0.25211066
0.29026663,0.32033944
0.33686662,0.5324431
2.0713,1.0012903
1.4247,1.9998947
1.2906333,1.1126934
0.26809996,1.1269962
0.29916662,0.64575607
0.34963328,0.8050411
0.2768666,0.9804949
0.28096664,0.70325494
0.2973333,0.5813599
0.3508333,0.566705
0.72393334,0.83752084
0.45113325,1.0641283
0.2954666,1.0022658
0.6047666,0.8359308
1.2213,0.7339399
1.4937667,0.7916181
0.30316663,0.5991309
0.36749995,0.20375401
0.27986664,0.26535892
0.28336662,0.35293657
0.27493328,0.36588526
0.36829996,0.39994174
0.28589994,0.42330933
0.9530333,0.82520306
2.137,2.1110647
2.5902333,1.7407339
1.4275999,1.8220581
3.1053667,1.2878307
2.6391335,2.3229876
1.8669333,2.2764287
1.9867666,1.8481061
1.5176666,1.7772262
1.3865666,1.2794172
0.6926333,0.9419869
0.6457666,0.8629227
3.1683002,1.0982084
2.5895,3.0927987
1.5825334,2.808093
2.3887,2.4217644
1.1652,1.5247673
0.32279992,0.5667673
0.36516666,0.36711842
0.29243326,0.40469354
0.28236663,0.4532293
0.2745,0.42943054
0.3601666,0.46011788
0.2802,0.63285875
0.63573325,1.2937088
2.5486,2.143579
1.7040666,2.024512
1.4006333,1.545138
1.5699999,1.3561945
1.7039666,1.6516241
1.0491667,1.788368
0.8319,0.95486414
1.5486333,0.706752
0.39999998,1.0489784
0.5092667,0.54002315
0.9787333,0.8832486
1.8400999,1.8126965
2.2212334,2.5429711
2.6366665,3.0316133
1.4262333,1.9272883
0.8328,1.1082118
0.5997,0.6496544
0.3583666,0.56805974
0.26529998,0.41169167
0.50209993,0.40388697
0.7512333,0.39661652
0.32029992,0.39389372
0.2844,0.45284414
0.8289666,1.1371291
2.8502333,2.291372
1.5541666,2.0677123
1.3640333,1.5614603
1.3726,1.5596197
1.3923666,1.525079
1.5837667,1.449843
1.9610333,1.5838815
2.0177665,1.5004569
1.5020332,1.4791543
0.8740666,1.367258
1.9389333,1.1910782
2.0611334,1.9616549
1.4982333,2.7821283
2.3128667,2.6458855
1.5683666,1.9759998
0.4221,0.921975
0.35309994,0.30783474
0.30346668,0.33966088
0.28966665,0.3882354
0.26636666,0.42238975
0.3357333,0.39678848
0.3770666,0.40149665
0.88053334,0.5289467
0.9632,1.3534502
2.6271334,2.4087749
1.6294,1.994334
1.2577,1.6927276
0.6454666,1.2172644
1.0280666,1.053849
0.49973333,1.0687783
0.3562333,0.7178941
0.30066663,0.5245046
0.333,0.46785432
0.54179996,0.5716149
1.4800999,1.0806292
2.2115998,2.3672485
2.3304667,2.4885793
1.6478333,2.445232
1.3429333,1.9649212
1.2475666,1.1170536
0.95699996,0.817068
0.29429996,0.52244264
0.28099996,0.29915756
0.27343333,0.30979103
0.2983666,0.35873836
0.31403333,0.43869776
0.28256667,0.72987086
1.0087667,1.5436044
2.8839333,2.606424
1.9993,2.216125
1.8499666,1.7350667
1.3527666,1.7301344
1.3389,1.4422779
1.4902,1.2978408
1.6129333,1.3800194
1.4077666,1.3491507
0.8764333,1.0888242
1.0679333,0.68318844
1.7258999,1.9084613
1.5734667,1.9990398
1.6593332,2.082186
1.1637,2.0386503
0.93466663,1.3462706
