Actual,Predicted
0.32829994,0.7039995
0.38276666,0.58389556
0.43536663,0.5806021
0.36833328,0.56420344
0.36783332,0.66391647
0.9214333,0.6620377
0.39616662,0.55243784
0.41949993,0.4043591
0.35759997,0.38086236
0.35249996,0.44105077
0.3614666,0.47415042
0.3989333,0.521137
0.35669994,0.5440462
0.3558333,0.4862215
0.3583333,0.5216441
1.1722333,0.5468846
0.57556665,0.87653714
0.399,0.5879948
0.5157667,0.5097646
0.41466665,0.6212242
0.59056664,0.5134946
0.42476666,0.69463617
1.7113667,0.5148972
0.9776,0.97773224
0.376,0.6591877
0.4851333,0.38422036
1.4830333,0.5064359
1.4642999,1.0672932
1.4257667,1.2729045
2.1843333,1.1415659
0.8843,1.5369086
0.9056666,0.69310343
0.8449333,0.62468106
0.8372666,0.6928272
0.7849333,0.7636415
0.88443327,0.8137194
0.83949995,0.8578233
0.8296666,1.0438783
0.80499995,1.415698
2.2631667,1.5038556
1.5056666,1.8586307
1.4813,1.5399191
1.4488666,1.57221
1.5308332,1.5085558
1.0180333,1.3975527
0.50659996,0.7209216
0.4452333,0.61625445
0.43159992,0.6171068
0.3381666,0.5371967
0.41353327,0.57586163
0.33869994,0.6643077
0.4153,0.8622309
0.34969997,1.2900848
0.4431333,0.86515546
1.1877667,0.63340527
0.4158333,0.5531598
0.33766663,0.39075565
0.35099995,0.38880783
0.3227666,0.40064114
0.40406662,0.41623962
0.3438,0.41138828
0.3529333,0.47335654
0.36983335,0.6509329
0.38099992,0.72207963
0.74543333,0.7696638
1.4462,0.9610116
1.0110333,1.3343109
0.4606666,0.5725562
0.32486665,0.43481117
0.3882333,0.48489964
0.3867333,0.5297298
0.44023335,0.47678143
0.37943327,0.47978103
0.47446662,0.49470025
1.3490334,0.772943
1.8294666,1.4390162
1.0705999,1.7329365
0.3947,0.8450006
0.48429996,0.50106716
1.5425999,0.57081807
0.7933667,0.7529954
0.7035666,0.58298045
0.70163333,0.5973077
0.72493327,0.6340229
0.6062666,0.6963272
0.79239994,0.6113837
1.4452333,0.63748264
1.6148334,1.19662
1.8318,1.4685142
1.2688999,1.5550151
0.35363328,0.93772125
0.33869994,0.4605841
0.38339996,0.47095144
0.42869997,0.46783733
0.3749333,0.46380126
0.35006666,0.47849017
0.56259996,0.50516695
0.80426663,0.9346469
1.2683333,1.60668
0.37853324,1.2128688
0.3472333,0.4906292
0.35789996,0.43152648
0.4215666,0.4805737
0.41556662,0.4574129
0.34749997,0.4088329
0.3644666,0.4497248
0.34999996,0.4444365
1.0403666,0.46407968
0.52926666,0.5228208
0.3448333,0.48385167
0.3304333,0.5401431
0.35969996,0.4655084
0.9388666,0.41745335
1.2614334,1.0493487
0.61576664,0.90030575
1.9986,0.46472198
0.977,1.4981353
1.4853333,0.7024118
0.8605333,1.1017814
0.9906,0.695864
2.8436332,0.5812662
0.70983326,2.442911
0.36363328,0.93749917
0.3505333,0.6210112
0.35133332,0.56299204
0.43046665,0.48451996
0.38409996,0.47286618
0.34959996,0.50379467
0.4738,0.52738637
0.77529997,0.49760246
0.3889333,0.41645795
0.3508333,0.35173446
0.33629996,0.40682465
0.37316662,0.423769
0.41573328,0.41739148
0.3113333,0.4495418
0.34169996,0.57408905
1.2088,0.6416539
2.6106,0.9871196
1.5781333,2.0140054
0.50859994,1.8713408
2.5500998,0.71814144
1.1692333,1.881833
0.5044333,1.5904619
0.41509992,1.0017551
0.3370999,0.837206
0.5240333,0.63750714
0.8862333,0.66347086
1.5693667,0.50425804
2.5912333,1.4936165
1.4329666,1.1095822
0.35856664,0.9022434
0.3565333,0.3234917
0.39083332,0.34658927
0.3836,0.36890733
0.36403328,0.35906404
0.3622666,0.40069413
0.35003334,0.4255396
1.5182333,0.48993117
1.5409666,1.2819424
1.6359999,1.418781
0.8335333,1.4800076
1.6141667,0.9456372
3.5630665,1.5886515
3.5252333,2.0501363
1.9146333,2.1080105
2.2805333,1.9645562
1.7898333,2.5729098
1.7991333,2.029377
1.7934666,2.1270118
3.7739,2.1088684
2.5307999,2.4196534
2.776,2.4453945
0.6179333,1.7480952
0.39186662,0.51223326
0.4122333,0.44459075
0.37496668,0.42092383
0.34389997,0.4885956
0.34063327,0.5062705
1.0999333,0.49886054
0.32629997,0.6841043
0.7714333,0.9719626
2.0927,1.9440308
1.4167,1.7697413
1.3820333,1.2925615
1.3711667,1.2880632
1.3226333,1.3105814
0.9827666,1.1876613
0.37519997,0.60220206
0.3417666,0.4068187
0.32989997,0.44355392
0.3529333,0.4486208
0.36999995,0.45676214
0.53889996,0.6165293
2.1568332,1.2525014
2.6444666,2.2833025
2.3927999,2.4563348
1.4211999,1.6090016
0.3603,0.69436264
0.3779,0.38129884
0.33353335,0.3626814
0.30459994,0.40913045
0.37926662,0.40017998
0.3393333,0.39583403
0.2929333,0.44298744
0.89676666,1.0929058
1.1859,1.6246583
1.9222333,1.2183546
1.9374666,1.6325547
1.8925333,1.7424176
1.4468334,1.7392049
1.3913,1.3335994
1.3236333,1.3580437
1.3724,1.232743
1.3889666,1.2577115
0.75433326,1.1553664
0.5214,0.6138237
0.70409995,0.785926
1.3919666,1.2817794
1.9786334,2.2659526
1.4030666,1.8833864
1.1828666,1.4283915
0.5607,0.8172528
0.3613333,0.5034331
0.29863328,0.45620114
0.37863332,0.42057395
0.8437666,0.41835207
0.56999993,0.40336168
0.2920333,0.39319426
0.6113666,0.7899084
1.5195333,1.4364587
1.2416333,1.3916928
2.3683,1.1580321
2.1899667,1.8275609
1.5189667,1.6370807
1.4798666,1.412232
1.4567666,1.4112436
2.4275334,1.3358672
1.9370999,1.9737456
0.45446664,1.6848066
0.58453333,0.5386798
0.7685666,0.9224341
1.3298333,1.4032416
1.8826332,2.2158916
3.1247,2.2231867
1.8031666,2.0227923
0.64513326,0.86656165
0.34649998,0.5138488
0.38966662,0.41480166
0.3370999,0.4202385
0.61749995,0.42414916
0.7809,0.39724684
0.32326663,0.3848489
0.5271999,0.73261493
1.2249333,1.3411658
1.7262332,1.1931789
1.3930666,1.5476491
1.3164667,1.3722997
1.4319667,1.2886778
1.4989333,1.3639522
1.2481666,1.3989367
0.45546663,0.8772136
0.53159994,0.4621846
0.3471666,0.536934
0.4518,0.47596776
1.2336999,0.7185996
1.8178666,1.7518265
1.4060667,1.9937507
0.9249333,1.3918625
0.87866664,1.0154692
0.445,0.78663665
0.3311,0.44710237
0.32666665,0.39841902
0.34289998,0.37235016
0.3604666,0.42263067
1.0356,0.45821774
0.36173326,0.46107936
1.2250667,0.39820427
2.0432668,1.556025
1.7176666,1.6751688
1.8629999,1.4873595
1.3217666,1.4027498
1.3786333,1.227249
1.6298333,1.2184775
0.6733333,1.37137
0.66779995,0.6451163
1.3448666,0.55065554
0.9093666,1.0007282
0.36963326,0.6911142
0.56259996,0.5119622
1.4755332,1.0518627
2.2909665,1.9113271
2.2999666,2.0886068
1.5582333,1.717878
1.3100666,0.92262256
1.0309333,0.8720433
2.1358333,0.77815187
1.2078999,0.97560966
0.9025,0.4718995
0.31919998,0.41537356
0.39076662,0.34181333
0.33366662,0.3757738
0.3592,0.46006006
0.5013333,0.7512787
2.422233,1.2110405
2.6937666,1.5295131
2.1388998,1.786273
1.4612999,1.9281408
1.4432666,1.6126549
1.4542999,1.5424984
0.6082333,1.4500237
0.3537333,0.6798426
0.3550666,0.6887499
0.37759995,0.6864368
0.3263666,0.673097
0.42189997,0.5976787
3.2730331,0.75028324
0.5933,1.8152528
0.45269996,1.0363573
0.4184333,0.6741544
0.5043333,0.5681286
0.4051333,0.581986
0.40429997,0.47262287
0.33389997,0.45144606
0.34136665,0.49361038
0.91186666,0.51824397
0.57869995,0.49053723
0.4759,0.58122116
0.72063327,0.81571376
2.5889997,1.2125392
2.0800667,2.4086044
1.5216999,1.9588342
1.5006,1.4583166
1.6730332,1.4804653
0.9791,1.6991727
0.55966663,0.83525157
1.0072,0.645419
0.9243666,0.97612554
1.8075,1.4513693
2.4892,2.1624022
2.3592668,2.2039773
1.1152333,1.7253909
0.408,0.65949726
0.42329997,0.5057726
0.34986663,0.51242685
0.4104333,0.4874978
0.3747,0.45724362
0.35899997,0.5073751
0.8362,0.71723044
0.63299996,1.0687295
1.8666666,1.7977552
1.4740666,1.5789143
1.3697,1.310897
1.4806,1.3158228
1.4475999,1.3192157
1.1581333,1.3005419
0.3968333,0.6986486
0.6421666,0.46851796
0.40619993,0.66412586
0.4270333,0.5678468
0.4197333,0.5555456
0.43106663,0.65197086
1.1695,1.0780467
2.4106667,2.095001
2.9157,2.34482
1.6507,2.0846243
1.412,1.239162
1.4787667,0.98645246
1.4476333,1.0040096
1.4576666,1.0239509
0.39539993,1.0015739
0.40703326,0.355273
0.30839992,0.49392456
0.7299333,0.9205109
2.1199,1.938123
2.2431998,1.9833478
1.5963666,1.8902026
1.6475,1.5920596
1.6040666,1.5771093
1.2644,1.6239018
1.0310999,1.0710036
0.46913332,1.0187438
0.48549992,0.6390487
0.76016665,0.695816
0.8795,0.9381357
1.1376333,1.1419381
2.0624332,1.6555309
1.0880666,2.103046
0.55586666,1.8763171
0.44419998,1.0075574
0.57559997,0.6879222
0.32639998,0.6493135
0.98616666,0.50011164
0.50146663,0.4363132
0.35089993,0.3124923
0.31489992,0.31695175
0.31976658,0.3955834
0.9449666,0.73754716
2.4613333,1.6776133
2.1047,1.881316
1.6658,1.7238505
1.5169666,1.5864495
1.9225667,1.5284731
1.8470333,1.835928
1.4408333,1.679682
2.9855332,1.2979354
1.8541999,1.8322539
1.4608667,1.7226005
3.0760665,1.4848816
0.6869333,2.0782328
0.54116666,1.0895193
1.7231333,1.3746564
1.7869,1.6234148
1.561,1.6944389
1.5440333,1.2957721
0.34719998,0.6774281
0.36429995,0.30442137
0.33889997,0.32520187
0.3557999,0.34380996
0.34986663,0.39207673
0.31869996,0.42710817
0.36946666,0.8764236
0.30286664,1.4499645
1.4711334,1.3936284
0.36616665,1.3139958
1.4741,0.4964413
1.9577667,1.2417969
1.9802,1.5730569
1.4075667,1.478572
1.4837333,1.2319312
1.0083333,1.2025194
0.6708,0.5828917
0.8897333,0.6706316
2.9792333,1.2713561
1.3617333,2.6925054
1.8060999,1.6585298
1.875695,2.2501574
2.0181334,1.8503621
0.4086666,1.110032
0.37629998,0.43828028
0.39723325,0.41450715
0.38223332,0.4203086
0.385,0.40654016
0.3795333,0.4212402
0.3363666,0.47655356
1.0338,1.0361388
1.6064333,1.3190029
2.3067,1.6008427
2.3980331,1.765163
1.4895666,1.7500759
1.5108666,1.3570064
1.6402667,1.4093735
1.5645,1.4169207
1.5472,1.325304
1.5001667,1.1871997
1.5976,1.2126861
1.5977333,1.417833
1.7295666,1.5495546
1.8975666,1.7952116
1.6372666,1.8464941
0.6121333,1.4326589
0.38326663,0.63920254
0.39309996,0.43634647
0.3943333,0.44348145
0.35399997,0.49128425
0.37963325,0.4478569
0.34586662,0.4474646
0.36079997,0.47205138
1.1044333,0.5097181
0.63983333,0.5996578
1.9829333,0.56985295
1.8605,1.6738453
2.0170667,1.661577
1.2804333,1.7198861
0.5046333,1.1086831
0.7856333,0.69494295
1.6464666,1.0013452
0.88546664,1.5075958
0.5612333,0.96237195
0.5042666,0.8362221
0.5530666,0.8847604
0.8153,1.1285237
1.9753,1.6381831
3.0841665,2.0368047
3.7895665,2.7893436
2.7681,2.6637893
3.8198333,2.3215141
1.8755333,2.5249736
1.7676666,1.5284072
1.9566667,1.3664863
1.4462,1.2571675
0.34993327,0.6145992
0.43076664,0.38432306
0.34326667,0.40593982
0.3752666,0.46538043
0.48969996,0.6043689
1.7531999,1.0281092
1.4902333,1.6989429
0.6514666,1.5849711
0.6923333,0.87232774
1.9094666,1.0793011
3.4861665,1.9683958
1.1775,2.2383873
0.47859997,1.0325801
0.5519666,0.757648
1.0913,0.9012137
3.1688666,1.5542275
2.5771666,2.5155783
2.7816,2.6345932
2.5823,2.5010743
1.5799333,1.8109784
0.97659993,1.1006705
0.38189995,0.47117043
0.41259998,0.38411307
0.33506662,0.36285192
0.41569996,0.41881818
0.33133334,0.52836514
0.8424333,0.91976935
1.9666,2.0122283
1.4820666,1.7579803
1.4857666,1.4805398
1.5221666,1.475344
1.4601333,1.4549166
1.5701,1.3370067
1.4873999,1.4251685
1.415,1.3106505
1.4703333,1.2338866
1.6582333,1.2950348
1.6084666,1.4558268
0.6601333,1.2851634
0.80436665,1.1307108
1.5936,1.5269672
1.7509334,2.071593
1.0803,1.4699783
0.4251333,0.65326726
0.34479994,0.37874585
0.40569997,0.40113926
0.34166664,0.41669607
0.40906668,0.4252209
0.9974,0.47265744
0.44229996,0.60514665
0.8207333,0.86931086
1.8852,1.639372
1.4528666,1.5739654
1.4544,1.4111819
1.5288999,1.4373555
1.5529,1.4288832
1.4756,1.4859477
1.4676666,1.3801236
1.1409,1.3266048
0.6998333,0.8297878
0.7251333,0.7878244
0.6493,0.8682202
0.6107333,0.99333704
0.85599995,1.2562892
1.9862666,1.6650031
1.1105,2.0019605
0.7884333,1.0545269
0.5401,0.6584407
0.5312,0.48767358
0.8957,0.5153364
0.7556666,0.4778682
0.49103332,0.44859588
0.45836663,0.47240323
0.4892,0.5315218
0.5987666,1.0479072
1.2334,1.5979319
1.7,1.5055962
1.8224666,1.519895
1.4854666,1.6245455
1.7189667,1.4798733
1.5488334,1.599895
0.3450333,1.4183596
0.9004333,0.53373164
0.9435333,0.7065595
0.39919996,0.77146244
0.412,0.62249756
0.5127333,0.7159637
1.0709666,1.0672376
2.3200998,1.4910971
1.1143667,1.9652944
0.77449995,1.5771927
1.2572666,0.85182446
0.40386665,0.6065469
0.4395333,0.40536588
0.39043325,0.38968688
0.42056662,0.40570414
0.32883328,0.40881538
0.4045666,0.46835732
0.60199994,0.90381485
1.7003666,1.6099126
1.7837999,1.5029757
1.4224333,1.5582153
1.4856333,1.4089508
1.4456333,1.4251891
1.4332666,1.3822987
0.8744333,1.3252951
0.68539995,0.5525761
0.3669666,0.6291522
0.45866662,0.51298124
0.41686666,0.54658747
1.4747334,0.60917497
0.8403666,1.4417627
0.44336665,0.98467726
0.42689997,0.8855115
0.41386664,0.5917419
0.56913334,0.5005526
0.41063333,0.5495125
0.82093334,0.45855856
0.6970333,0.38941532
0.4191,0.39440894
0.34316665,0.41239578
0.41146666,0.5115851
0.408,0.6525198
1.4021,0.8216219
2.0987,1.4399958
2.0111,1.6242015
1.5535333,1.5550233
1.549,1.34746
0.8231666,1.3676257
0.3903333,0.60937285
0.65739995,0.46862006
1.3532,0.65891206
0.5370333,0.897313
0.35859996,0.70590854
0.44763327,0.5771209
0.88009995,0.7607826
1.7375667,1.3822933
0.9084333,1.2971271
0.909,0.8401915
0.4460333,0.7778547
0.4557333,0.47080725
0.49613327,0.5239398
0.95489997,0.52123624
0.5759666,0.49594444
0.46346664,0.46135467
0.42506665,0.45987916
0.8622333,0.47885334
1.8893332,1.0115638
2.1137667,1.6215525
2.0202,1.6921276
2.1044333,1.7452583
2.9777331,1.8187193
2.9287,2.462287
1.3232334,2.3098304
1.7196333,1.4664954
1.7081666,1.7544813
1.6239667,1.7201297
1.3736666,1.7390363
0.54859996,1.4152958
1.6358666,0.8327199
2.6047666,1.5725881
1.8646333,2.530129
1.6266334,1.7099042
0.63269997,0.6828679
0.65059996,0.52700853
0.5380666,0.5095185
0.36603332,0.48575675
0.4388333,0.4251808
0.39053327,0.4012332
1.0787,0.49184752
0.4126333,0.5651957
0.57219994,0.5377029
0.5780333,0.95597684
2.0380666,1.0226258
1.4191666,1.6273179
1.3234,1.5162396
0.6875,1.4121426
1.4910667,1.0158575
1.8497334,1.3955075
1.7885666,1.7573235
1.7826333,1.7583253
0.91326666,1.9114294
0.6145666,1.3466231
0.66096663,1.1098409
0.7431333,1.2783027
1.9589334,1.4235501
1.5712,1.5429242
0.92476666,1.068854
0.4747666,0.632368
0.47303325,0.44952166
0.46336663,0.50632244
0.42996663,0.5208569
0.39939994,0.5434801
0.43259996,0.6274831
1.0445333,0.7279314
0.5814666,1.2301372
0.83453333,1.2814422
0.66859996,1.0477526
1.2894666,0.7092201
0.5929,1.3759289
1.4928666,0.75654775
0.4771666,1.2676747
0.4527666,0.50015736
0.40053326,0.48516947
0.9590333,0.5807699
1.6942666,1.1524682
1.7058333,1.6458546
1.3048,2.0196803
2.2538333,1.5313301
2.447,2.4377136
1.1054666,1.9767115
0.37733328,0.6703143
0.32733327,0.40517265
0.38263327,0.42981738
0.32979995,0.39636582
0.36573333,0.41499233
0.3440333,0.4215358
0.3430333,0.55726576
0.5341,1.0409002
1.6887333,1.4556025
1.7139666,1.5459751
1.5015666,1.5100988
1.5305333,1.3264095
1.4275666,1.4570332
0.7964666,1.3268992
0.34989995,0.59846395
0.33699995,0.46761298
0.34719998,0.5046155
0.47529995,0.53344756
0.5867666,0.64217424
0.4913333,0.9208656
1.3298666,1.1310292
1.9245,2.3404396
1.8885999,1.7142594
0.59673333,1.5982635
0.36439997,0.44048703
0.34229994,0.36416817
0.33646667,0.39669156
0.35009992,0.38842905
0.32629997,0.38910133
0.33913332,0.4285972
0.33626664,0.51360124
0.8395333,0.94710237
1.5743667,1.5873605
2.3483,1.4010727
2.3270667,1.76601
1.6331666,1.7317368
1.6315,1.365421
0.76166666,1.2327287
1.4149,0.8247123
0.3886333,1.2081442
0.38826662,0.553619
0.33896667,0.55862564
0.41539997,0.58939534
0.58739996,0.8061991
2.6901999,1.3603141
2.1697998,2.148291
0.7276,1.8022166
0.5349333,1.1156367
0.32913333,0.5997729
0.3127666,0.42335838
0.30916667,0.44255024
0.31579995,0.41670167
0.62466663,0.42888087
0.66819996,0.38039476
0.2779333,0.379359
0.5009666,0.6793423
1.0825,1.2649641
1.6715667,1.09154
1.6833333,1.4246409
1.3379667,1.4346658
1.3550333,1.1759577
1.5419333,1.1115178
1.7148333,1.2317059
0.4535333,0.88992906
0.7421,0.45294827
0.31419998,0.58693826
0.47213334,0.46344417
0.62006664,0.7860049
1.0631666,1.3670975
1.8887999,1.745018
1.4042333,1.9379828
0.8867333,1.5296819
0.81406665,0.8623132
0.5976,0.3895945
0.3832333,0.42904937
0.30699998,0.36385262
0.3154,0.3241018
0.25553334,0.36753696
0.27203333,0.41606128
0.99726665,0.72743034
1.3094,1.5980487
1.5994333,1.2487099
1.8097333,1.415994
1.5336,1.5246053
1.2612333,1.4111338
0.79789996,0.89424807
0.7848333,0.9051858
0.9882333,0.9420012
1.3664999,0.83388734
1.4591333,0.8531179
1.3106667,1.4114866
0.88736665,1.341429
0.7254333,1.1446636
0.60276663,1.4741895
0.8782333,1.0913209
1.5304,1.0045109
1.3298,0.6882911
0.5915,0.7722019
0.4802,0.4897185
0.32739997,0.45507944
0.30016667,0.39237618
0.23386663,0.37059724
0.3094666,0.4222232
0.5893666,0.5437223
1.8147333,0.81886053
1.426,1.59272
1.3294333,1.4199011
2.6568666,1.382102
1.0861332,2.1353726
2.0979667,1.3179176
1.6629666,1.8501871
2.0310333,1.6347077
1.0608,1.7446496
0.87009996,0.94235075
1.2503667,0.8012607
3.4120002,1.796221
2.4054666,3.2521653
1.6508666,2.7968867
2.2382998,1.7161636
2.0489,1.9896541
2.2895665,1.7478766
0.87799996,1.4308631
1.4238999,0.518168
0.525,0.89730895
0.4649666,0.45196998
0.44919991,0.5015402
0.4757666,0.5080544
0.4659,0.5718975
0.7262666,0.72686064
1.3738667,0.9572753
0.63256663,1.396876
1.6635666,1.062004
1.3511333,1.6221912
0.82589996,1.647184
0.7817333,0.98348486
0.40626663,1.1741407
1.6644666,0.7263382
1.0024999,1.2255547
2.586,0.93783045
1.8243666,2.4698863
2.1343,2.1944838
3.0043666,2.1288807
2.2819667,2.3991408
0.4955666,1.8328687
0.32409996,0.505663
0.2886666,0.40933836
0.26569998,0.4110893
0.29439998,0.38843095
0.26416665,0.40655822
0.2815333,0.424551
0.2660333,0.5601327
1.2971333,0.9672035
1.8049667,1.7219293
1.8329333,1.6705854
1.3662,1.6019769
1.3382332,1.3111236
1.3549666,1.2277534
1.0731666,1.243171
0.32886666,0.6060233
0.27386665,0.3780824
0.4859333,0.38830012
1.585,0.5916047
1.1943333,1.3411996
1.7174332,1.5376171
1.2717999,1.7505419
0.6001333,1.7621996
1.2517333,1.1505823
1.4027,1.1641556
0.5011333,1.0147138
0.30033326,0.50918376
0.31336665,0.3986063
0.25216663,0.3849467
0.31046665,0.4037969
0.23159999,0.42476016
0.30003327,0.5506147
0.61436665,1.0528432
1.6050333,1.6079628
1.9330666,1.5849493
1.9972667,1.6865274
1.3527334,1.6233406
1.3441666,1.3737566
1.6768667,1.3653724
1.6020666,1.6274116
1.4453666,1.4496908
1.4784666,1.2434009
0.9093333,1.2657337
0.3416,0.65402555
0.3523333,0.54622805
0.38549995,0.68535197
0.58949995,0.83004236
0.5218333,1.2329669
0.65029997,1.0480267
0.6416333,0.81894577
0.32029992,0.7164593
0.75979996,0.52711505
1.1001667,0.6810554
0.24943328,0.51847136
0.28026658,0.24590856
0.26079994,0.31384903
0.64659995,0.37228274
1.7422333,0.95578
1.3471333,1.5141656
1.3300333,1.2320793
1.137,1.302641
0.7223333,0.8529699
0.41356665,0.7494116
0.4407,0.545985
0.2714333,0.5917993
1.0623666,0.48326188
0.3022666,0.5869566
0.31003326,0.4372201
0.2800333,0.43738317
0.3494333,0.49542987
0.9114333,0.68447506
1.2372999,1.0949973
0.6118333,0.9874049
0.26179993,0.5403509
0.52346665,0.37153602
0.2558666,0.4765277
0.30589998,0.37527955
1.0056334,0.3824103
0.21769994,0.3904978
0.30886662,0.2952947
0.9371333,0.37556756
1.7112334,1.3913662
2.2531,1.4664695
1.8671,1.743983
1.3756,1.4551401
1.3288666,1.3149612
1.9338334,1.2924316
2.3048,1.5021203
1.3756332,1.7047992
1.3578666,1.1428528
0.2958333,1.1136943
0.30856663,0.36722493
0.3989666,0.42563313
1.2475666,0.7244906
0.39553332,1.7513494
0.6004,0.81232256
0.5785667,0.8750726
0.3484,0.6747345
0.3002,0.5471852
1.3538333,0.4991768
0.3077333,0.5539233
0.2564333,0.24689996
0.2801333,0.2511027
0.33456665,0.34819835
1.2161666,0.45101136
1.6454333,1.3379443
1.5706333,1.2955123
1.8476334,1.383667
1.3328667,1.4292911
1.1925,1.228891
0.5806333,0.7346802
0.9876333,0.61110175
1.0285333,0.81706095
1.3963666,0.60831904
1.4777,1.1131483
0.80259997,1.3510736
0.4960333,0.52226794
0.3717333,0.5837372
0.44549996,0.66557646
1.8008332,0.76778924
1.3293333,1.3567554
1.3208666,0.9388061
1.9819334,1.1254972
0.93619996,0.9023624
0.35656667,0.4226392
0.26943326,0.32054073
0.36429995,0.35591125
0.31786662,0.38487542
0.6622666,0.431777
1.5862334,0.6938094
1.4944,1.3597078
1.4394,1.3653815
1.1425667,1.3471284
1.6338,1.1033396
2.3738666,1.6552858
0.9036,2.0422552
1.3759,1.2080773
1.2071667,1.2623638
2.0770667,1.1753957
0.90016663,1.2698114
2.0113,1.1012521
1.8069,2.0447178
1.7312999,1.9566934
0.6489333,1.5898681
3.0245667,0.82594764
3.2483335,1.5048225
2.7726,1.0663471
1.3972332,0.7908436
0.41640002,0.48541528
0.4262333,0.44831747
0.3810333,0.46439588
0.40376663,0.5352331
0.3208,0.55900204
0.44106662,0.68984866
0.42256665,0.9127983
1.3165333,0.88600004
0.79209995,1.0719091
0.34289998,0.94197524
2.4814334,0.7527973
1.9768,1.8355153
1.5261333,1.5474443
1.4523,1.3307317
2.7384,1.3600979
2.6080332,2.207955
0.5265333,1.846441
0.4087333,0.8318074
0.49969995,0.6892012
2.1411667,0.80082166
2.5723,1.872957
0.7484333,2.0321424
0.26736665,0.5335518
0.3768,0.47962373
0.31323332,0.4889418
0.36626667,0.5010043
0.3106333,0.47841597
0.28093332,0.56441253
0.7907666,0.78823256
1.7549,1.7660577
1.7765,1.6271158
1.8903667,1.5417323
0.80003333,1.4623246
0.35166663,0.5793466
0.4172666,0.47158295
0.4156,0.587566
0.29886663,0.52506363
0.3490333,0.47461325
0.32840002,0.4756208
1.0390999,0.56775326
0.6155666,0.65730035
0.9401333,1.049241
1.068,1.8611009
0.90306664,1.9809669
0.83299994,1.5556957
0.38053328,0.8457237
0.6259,0.50585115
0.8197,0.4259144
0.24729997,0.417633
0.33536667,0.34810305
0.31123328,0.34271955
0.34163332,0.43539023
0.4868666,0.6670643
1.8495667,1.2998111
2.2103333,1.640868
1.9911666,1.781384
1.4520667,1.6369607
1.4518666,1.3792439
1.3901999,1.4383413
1.4037666,1.3398472
0.32176661,1.267033
0.4450333,0.46822453
0.5609333,0.5479897
0.62436664,0.72985196
0.72816664,0.818432
1.4203666,1.382585
1.0440999,2.1960728
1.4154999,1.1140869
0.56819993,1.3456321
0.6551666,0.692222
0.35376662,0.6045637
0.39729995,0.45188844
0.26053327,0.42051333
0.37333333,0.4893055
0.32016665,0.48139518
0.38426661,0.565305
0.89316666,0.78797686
1.9535999,1.5208585
1.3556333,1.5826948
1.4013333,1.2923912
1.6438999,1.2962439
1.6740999,1.450588
0.50933325,0.8596938
2.4123998,0.6010242
0.8645333,1.3763783
0.94403327,0.9562807
0.36223334,0.8269602
1.4379666,0.59431815
1.5563333,1.3966179
1.2358333,1.8558657
1.9178667,1.4066508
1.5139666,1.5071429
1.1477666,0.9250159
0.66466665,0.9710385
0.4042666,0.5296135
0.32686663,0.39992458
0.3173666,0.41213816
0.32373333,0.4242862
0.74999994,0.46931517
0.6821666,0.48286927
0.5538333,0.91237915
1.4263,1.5362018
1.7923334,1.3271556
1.3549666,1.5298932
1.4777999,1.2530049
1.3936999,1.3002114
1.4353333,1.2803212
1.1014333,1.260047
0.3748333,0.62817085
0.32436663,0.41511858
0.37913328,0.4622575
0.44023335,0.49742454
0.6838666,0.73954594
1.0551666,1.3467335
1.7362332,1.9180026
1.0708666,1.5572295
0.52493334,0.92413116
0.32343328,0.48076344
0.34019995,0.40890127
0.37909997,0.39189702
0.31623328,0.4546042
0.30169994,0.39159948
0.33203328,0.4690413
0.25186664,0.48884803
1.6246667,0.66012526
1.8760333,1.477522
2.0137,1.6557282
1.8483,1.5805427
1.4251332,1.5701994
1.4143,1.2431096
1.7594333,1.2686652
1.3205333,1.3482517
0.46469992,1.1034647
1.0055333,0.53326577
1.1049333,0.5878374
0.5202333,0.68242335
0.47306663,1.0181075
1.7516667,1.126356
0.58379996,2.2866778
1.1657,1.4445983
1.0965333,0.6572807
1.1417999,0.8838989
0.9745333,0.8961662
0.42356664,0.6392995
0.80253327,0.4797771
0.31856662,0.41585737
0.34243333,0.4265594
0.32339996,0.4323178
0.60636663,0.49126786
1.6914666,0.67606586
1.7133332,1.4288608
1.3865,1.4851993
1.3559,1.3177577
0.92099994,1.284219
2.1129332,1.0551295
1.5753666,1.8624378
0.9934333,1.567325
1.7003666,1.319144
1.6876333,1.6558094
1.7315593,1.7032726
2.1147332,1.7721447
2.5191998,2.1586459
1.6606,2.292356
1.8441,1.8543649
2.3567667,1.7421019
1.7577,2.0151112
1.2083333,1.3513683
0.30836666,0.8568567
0.6055333,0.42710447
0.48736662,0.49349517
0.89129996,0.4499055
0.27239996,0.40970057
0.3261333,0.45492524
0.54859996,0.52759916
0.43473333,1.0876888
0.58586663,1.0919547
2.9332666,1.1834064
2.7022,1.5322967
0.9603666,1.6257813
2.1597667,1.0290978
2.0390668,1.7955883
0.64119995,1.6026297
0.49269998,0.70775867
1.1057333,0.69225615
1.1539333,1.2391727
2.0302668,1.1399319
1.2484,1.7435278
2.5643334,1.8115764
1.6214,2.080937
0.5846666,1.0978544
0.63946664,0.42255133
0.34706664,0.49792665
0.86506665,0.46513057
0.33263332,0.46363103
0.32459998,0.41803187
0.2909333,0.4320755
0.5817666,0.71270704
1.5130666,1.643437
1.4300666,1.3898908
1.4076667,1.3360455
1.3794,1.3590446
1.3752333,1.2608163
1.8709667,1.2236283
1.0939666,1.6116991
0.3831666,0.74353975
0.2915333,0.5190242
0.33483332,0.4796685
0.24786663,0.5057967
0.38699996,0.55819017
0.7758333,0.80877244
1.6178334,1.7688224
1.3603333,1.624768
0.8282,1.6225697
0.6212333,0.6686257
0.41093332,0.54487073
0.28603327,0.44892496
0.29613334,0.4253044
0.2891333,0.38879824
0.7506666,0.47419262
0.6535666,0.48873985
0.6048666,0.7508309
0.8026666,1.4275298
1.3307333,1.2116947
1.4201666,1.2562445
0.7739333,1.2007667
1.2811667,0.6306957
1.1593,1.0076137
1.5242666,0.8091643
1.3928666,1.4137653
0.6715333,1.2598866
0.2944333,0.52706087
0.3504333,0.4557522
0.3067333,0.53696275
0.76013327,0.6794405
1.6182666,1.4484501
1.2554333,1.4548632
1.2378,1.4186484
0.92823327,1.0098189
0.9155333,0.7296671
0.8949666,0.7466109
1.3116333,0.7160231
0.79836667,0.7796774
0.7678666,0.6688223
0.7974,0.7491181
0.7928333,1.2517316
0.7041333,1.5453205
1.9575667,1.2613622
1.9336333,1.5666671
1.5199666,1.6284165
1.3836999,1.4090801
1.4195333,1.3905941
1.6327333,1.2753043
0.8742,1.5329596
1.5512667,0.63567215
1.4775666,1.1815798
1.3177333,0.99372685
1.3527334,0.9495516
0.34276664,1.2793236
0.81069994,0.83988816
2.2539668,1.6863148
1.8434999,1.4390794
0.8139,1.0067794
0.36346662,0.6118731
0.36199993,0.3721968
0.34593332,0.3743539
0.28516662,0.3780161
0.3514666,0.4046783
0.33266664,0.5123352
1.4129,0.82580245
0.8750333,1.247962
0.8910666,0.98816943
0.30073333,0.73358035
0.8371666,0.51575613
1.4384999,0.75542426
1.3938,1.268738
1.6693332,1.2979947
0.61076665,1.5095859
0.34976667,0.490986
0.31189996,0.4084314
0.28476667,0.4431002
0.31863332,0.51206905
0.3109333,0.5589391
1.7558665,0.7342373
0.8603333,1.6999147
0.7944666,0.91124725
0.67696667,0.63847935
0.6461333,0.56598836
0.72633326,0.47561288
0.25779992,0.33405107
0.32573324,0.38133782
0.24229991,0.407947
0.3099,0.48256797
0.53449994,0.67191577
1.2368,1.2616152
1.9224333,1.090763
1.5577667,1.5432106
1.8108666,1.3588146
1.6994667,1.383695
1.4279,1.5067111
1.4851333,1.2469338
1.0346,1.1937909
0.27303332,0.64703
0.45233333,0.42480242
0.9873666,0.6048346
0.49536663,0.6788331
0.63906664,0.6993487
1.7505667,1.3748573
1.0088999,1.2942611
0.9618,0.9040811
0.41916662,0.83057296
0.63009995,0.41579562
0.8098999,0.61509836
0.49976665,0.4189775
0.36823326,0.4168697
0.27953327,0.36569923
0.35813332,0.39254457
0.34126663,0.43365234
0.47846663,0.616061
0.8383,1.0656912
1.6233333,0.9423522
1.8915666,1.4613175
1.8121667,1.6561737
0.50933325,1.5656267
1.6336999,0.7164624
0.8814333,1.4483751
0.5696,0.93875754
1.7640667,0.7675342
1.0338666,1.6593611
0.39083332,0.921749
0.37726665,0.6613138
0.6906667,0.76464796
2.2919667,1.4861356
2.4079332,1.9790103
1.1222333,2.144056
0.57336664,0.66209805
0.37683332,0.47572345
0.25446665,0.39306754
0.36043328,0.43233222
0.23099995,0.39913744
0.35213327,0.44481188
0.23056662,0.46289343
0.3374666,0.6122316
0.9848666,0.84862643
1.0292666,1.1834618
1.4976333,1.0413246
1.5338666,1.4181895
1.7916999,1.4872787
1.5012333,1.7933528
1.4319999,1.4422
0.40139997,1.3106856
0.5437,0.5364701
1.9162333,0.58273613
2.6058664,1.639585
3.0546002,2.1486287
2.1052666,2.4040923
1.7862333,2.0074806
1.7300667,2.2336252
1.2456334,1.5936183
0.27436662,0.67378306
0.35246664,0.46584427
0.9393333,0.43713713
0.34919995,0.4671232
0.2452333,0.30299115
0.35853326,0.3626368
0.27716666,0.6221363
0.97889996,1.3747723
1.4782666,1.9650017
1.4552667,1.4663833
1.2895333,1.362319
1.4134667,1.2477753
1.1165999,1.2561464
0.66029996,0.790303
1.5395,0.72192276
2.51,1.2112672
0.37949997,1.8139523
1.3743999,0.5179005
2.5162334,1.4215198
1.9449333,2.2596831
1.8373333,2.2368765
1.3320999,2.0767107
2.3345666,1.4731593
0.72429997,1.0898744
0.3347333,0.5642435
0.2700333,0.37927032
0.28679997,0.35631645
0.27759993,0.375301
0.28636664,0.353243
0.25856662,0.4431404
0.6381999,0.7568557
2.0321999,1.5304413
1.7978666,1.8626738
1.8582,1.4715354
1.75,1.5315896
1.1740333,1.4707206
0.64536667,0.9009486
1.3182666,0.65267205
0.83856666,1.221634
0.6611999,1.0156035
0.45916665,0.7845165
2.0802667,0.69911706
1.5902,1.6308856
1.0885999,1.7088697
1.0753334,1.6949197
1.2507333,1.6975207
2.2101333,1.5512993
1.1607,1.1020418
0.30716664,0.5959925
0.25519997,0.32846886
0.28943324,0.35885584
0.28409994,0.35615325
0.27876663,0.3810016
0.2667333,0.42428946
0.51913327,0.8603555
1.5605999,1.3852739
1.3922,1.4748366
1.4414333,1.3233311
2.0485334,1.2079065
1.5051333,1.2126123
1.2449,1.2170902
0.29919994,0.7528155
0.37499994,0.43443835
0.37109995,0.4628554
0.31389993,0.4795456
0.55473334,0.4951787
1.7482667,0.6309204
1.9591999,1.6789625
1.2290666,1.695822
3.9411001,1.3815243
1.4779,1.6925149
0.37159997,1.3043905
0.35139996,0.45201868
0.3404333,0.4667951
0.41459996,0.49110013
0.52519995,0.43170017
0.7032666,0.49270856
0.3877666,0.52381074
0.42356664,0.7449669
1.3824666,1.1345212
1.7109332,1.1351188
1.4129666,1.2515615
0.9029666,1.2295247
0.36943328,0.59891784
0.37086666,0.40132397
0.37189996,0.46889752
0.32403332,0.5163109
0.36969995,0.47680026
0.3358333,0.48265594
0.42543328,0.5253921
0.68789995,0.7550951
1.5256,1.230276
1.2801,1.4384522
1.4406667,1.6542451
1.8170667,1.5653605
0.38889998,0.923377
0.29856664,0.37826848
0.30659997,0.29066575
0.28383327,0.34130228
0.33946663,0.3593936
0.33766663,0.35639733
0.28426665,0.4333914
1.0408666,0.7785028
1.4192333,1.3657066
1.1743333,1.1389879
1.4962332,0.86642987
1.4313667,1.2107095
1.6219332,1.2137017
1.9613667,1.461878
0.97246665,1.6354138
0.28336662,0.56225395
0.2704333,0.42002875
0.31913328,0.4528581
0.3674,0.4976172
0.2843666,0.5820888
0.3055666,0.66998476
0.3292666,0.876241
1.3311,1.1894628
1.4952667,1.1370475
0.3698666,0.8678693
0.36583328,0.3269171
0.28766662,0.32536107
0.2933333,0.37017685
0.35933328,0.361789
0.31559998,0.3539651
0.8613666,0.44440967
0.47143328,0.52182186
0.5001333,0.50037414
0.32813329,0.84520036
0.8945333,0.7592975
1.8389333,0.8350087
0.8350666,1.6314998
1.4449999,1.0841036
1.0642333,1.3938068
0.4320333,0.93318564
0.4317333,0.5881672
0.8637666,0.60117614
1.4527667,0.8329061
1.4154667,1.299399
0.3550666,1.3973415
0.35446662,0.5088965
0.30496663,0.56109273
0.34743327,0.52114785
0.5420333,0.49897677
0.35313326,0.6456673
0.53669995,0.45363003
0.8454666,0.5488023
0.3637666,0.4652604
0.3059333,0.30497634
0.28729993,0.3637547
0.3289333,0.3941152
0.48409998,0.4069749
0.33186662,0.5523908
1.5325333,0.5237945
1.0245999,1.0007731
0.5531333,0.64979196
1.0511999,0.53960085
1.6409667,0.7905874
1.5251334,1.3285519
0.90239996,1.2615334
0.8767666,0.86956894
0.6095667,0.776144
0.77133334,0.64702237
0.42643332,0.8559512
0.39723325,0.6501224
0.8347333,0.58875656
2.0669334,1.2567348
0.9492333,1.5153611
0.35283327,0.48742765
0.35539997,0.44884384
0.5648333,0.46529812
0.48326665,0.5182652
0.33379996,0.54753727
0.33049995,0.5578295
1.0942333,0.6103889
1.4126333,1.0776484
1.5397333,1.096351
1.0228333,1.2713008
0.32566667,0.7187488
0.93366665,0.50524014
0.6584666,0.69148827
0.5480666,0.6506938
1.0419667,0.70197785
1.6852,0.73100764
1.0549333,1.3565047
1.6614332,0.866887
1.8102334,1.5881405
1.3352,1.7273355
0.9758333,1.1404778
1.1446667,1.0899916
1.7551,1.5808806
2.1018333,1.6248624
1.0073667,1.256339
0.6357,0.6627138
0.34059995,0.4464721
0.3275,0.4317724
0.39936662,0.43866038
0.41389996,0.44681567
0.4432,0.8419134
1.1240666,1.3825448
1.8220667,1.5056232
1.6043667,1.575341
1.9202666,1.052641
0.81689996,1.5266387
0.5117666,0.82126915
0.99359995,0.6590117
0.95093334,0.8740773
0.40053326,0.923385
0.5865762,0.61337215
1.2671,0.73187387
0.76446664,1.1793857
0.9423666,1.1842511
1.0328666,1.5647016
1.7192333,1.7313442
2.3195,1.8042722
0.45379996,1.7310865
0.3440333,0.53247464
0.46026665,0.46391195
0.6690999,0.45402974
0.3130666,0.6244335
0.29353327,0.49727303
0.9467333,0.5051639
0.53826666,0.63232374
1.0615333,1.2759784
1.1931666,1.144388
0.36853325,0.9087036
0.30903327,0.42059648
0.6882,0.42184538
1.1751333,0.7722638
1.3314999,1.1193734
1.4013,1.1661358
1.0394332,1.2659589
0.6396333,1.0797518
1.4037333,0.8313483
1.3373333,1.3361962
1.2917333,1.744105
1.1515,1.7211819
1.4090667,1.7914069
1.6364999,1.8603278
2.0665998,1.5625203
3.3290334,1.2856505
0.867,1.3789066
0.37959993,0.49850512
0.37913328,0.40111244
0.42006665,0.45873755
0.41919994,0.46212584
0.41146666,0.5926683
0.37506664,1.0805624
0.42973328,1.1364415
0.4747333,0.7870437
1.4757333,0.7702973
1.5003333,1.4174068
1.5219333,1.3698545
1.1035,1.2137644
1.0868666,0.82111794
1.1505666,0.98773474
1.2556,1.165321
0.97576666,1.4056693
1.3625666,1.2258078
0.47229993,1.4247749
0.48236662,0.85937047
0.7201333,1.0141087
1.0432667,1.4589921
0.84739995,1.5569911
1.3977333,1.0210543
0.57589996,0.7288559
0.52093333,0.30387312
1.6122,0.30344415
1.1039,1.098214
0.8480666,0.95529246
0.42473328,0.5586009
0.4384333,0.48066872
0.42903328,0.5512942
0.38656664,0.64357924
0.46533328,0.7042891
1.0548999,0.6902629
0.6608666,0.6236644
0.49266666,0.50987405
0.8083333,0.5120256
0.6436666,0.8625829
1.1452333,0.79579
0.5032333,1.3473687
0.6059333,0.5848666
1.4792333,0.6779934
1.5087333,1.5919124
1.1102667,1.1816179
0.40776658,0.7886029
0.39179993,0.45797783
0.45209998,0.4876886
0.58629996,0.43777466
1.4909333,0.46982402
0.73679996,1.2696775
0.37839997,0.6298629
0.47756666,0.46941382
0.5012666,0.43383002
1.1276333,0.46310544
0.3893333,0.5979329
0.41753328,0.4074545
0.4408666,0.479452
0.69916666,0.5693698
0.74946666,0.9749885
0.50873333,1.0173001
0.4639333,0.668296
0.40696663,0.7091911
0.37853324,0.6952611
0.46459997,0.67152333
1.0288333,0.77973545
1.013,1.1442039
1.2177,1.0753834
1.1373999,0.9427723
1.7139,1.1376628
1.8869333,1.5248978
1.8255,1.3941604
1.6225,1.563017
1.8090333,1.3505515
1.7240667,1.4675509
1.6306667,1.4365674
1.5546333,1.4753461
1.5591333,1.5288811
2.2191334,1.4725603
1.3801999,1.7772577
1.2342,1.0923618
1.5537,0.97764176
1.2277666,1.2566345
0.2969333,0.92379093
0.38859993,0.5268422
0.37159997,0.562266
0.31759995,0.59183586
0.31183332,0.56519157
0.37296665,0.54616326
0.39189994,0.54158366
0.30476665,0.6257162
0.43076664,0.6450747
1.3955,0.7131828
0.8329333,1.0933132
0.8788666,0.6130674
0.41103327,0.8098984
0.39406663,0.50367236
0.34266663,0.44327176
0.34016663,0.45842147
0.37963325,0.52875465
0.3541333,0.56043017
0.31789994,0.57177013
0.77849996,0.7144513
1.0759666,1.2492249
0.34773326,0.80910444
0.29899997,0.58516204
0.33436662,0.4946695
0.6037333,0.50679076
0.5895333,0.7350162
1.2709666,0.70791936
1.4741666,0.8245968
1.2203,1.1534479
0.30566663,0.68417156
0.3173666,0.4344883
0.98136663,0.54854476
1.3026999,1.3267804
1.8712332,1.9463518
1.7087,1.1587335
1.5455999,1.7503867
0.6281666,1.3024368
0.31929994,0.5063119
0.3669666,0.43902826
0.35739994,0.42102826
0.27139997,0.42800468
0.31369996,0.5219445
0.35863328,0.7103585
1.2641,1.179158
1.3883333,1.3911772
1.3818667,1.4132497
1.3678333,1.3051038
0.28159994,1.1711715
0.32903326,0.5014862
0.6975,0.53778434
0.73716664,0.7712188
0.55669993,0.82162523
0.70876664,0.6926892
0.5396,0.78887624
0.5713666,0.7933953
1.2738,1.1266629
1.5307666,1.0963204
0.7395333,1.6012774
0.31199998,0.7592704
0.4700333,0.4714154
0.38299996,0.44467676
0.67989993,0.4020893
0.31396663,0.5851796
0.3838333,0.39205706
0.29149997,0.37852502
0.2872333,0.49844784
0.94149995,0.595818
0.30966663,0.9803106
1.0060667,0.67073333
0.33769995,0.82340026
0.31576663,0.45350528
0.33836663,0.41294605
0.50306666,0.4964335
0.5468333,0.61243486
1.4143666,0.5972984
0.8498333,1.1770828
0.32593334,0.5224267
0.37283325,0.36659044
0.34276664,0.49103326
0.608,0.5595731
1.4613667,1.2027615
0.6147333,1.330938
0.95869994,0.56710404
0.3262,0.59681684
0.4078666,0.45264906
0.5067333,0.40675277
0.3347333,0.43355906
0.3299333,0.4277978
0.37309992,0.43109888
0.3252666,0.42040634
0.5512,0.57889766
1.5392333,0.70365715
1.1991667,1.1332577
0.29599994,0.7490951
0.4992333,0.38143927
0.36466664,0.5491042
0.31259996,0.47280306
1.0795,0.51438177
1.8475332,0.5899855
0.8857,1.5514975
1.6610665,0.54329485
0.3451,1.3673965
0.5311667,0.49919778
0.6069,0.9381589
1.9542999,1.1082263
1.2891667,1.7147052
1.6950667,1.1766336
1.2756333,1.0685669
1.3633666,1.0092579
0.42033327,1.0704489
0.5332333,0.45877242
0.42613333,0.45573497
0.46773332,0.546502
0.63759995,0.53578216
0.9163333,0.8199018
1.0592667,1.2793806
0.6099333,1.3240615
0.64699996,0.7598717
0.85539997,0.8062279
0.47119993,0.8711127
0.57979995,0.64042246
1.2016666,0.7730395
0.6756333,0.8810947
0.60496664,0.62332803
0.6314666,0.5639175
0.5037333,0.68195844
0.5893666,0.6974287
0.5372333,0.9405443
0.9611333,0.92940307
0.59996665,1.0198014
1.4650333,0.79621047
1.3004333,1.5411422
0.6412666,1.2177645
0.40466666,0.57612836
0.41859996,0.43592203
1.1348333,0.35736412
0.38363332,0.50123835
0.3546999,0.306073
0.3516333,0.3851968
0.33909994,0.45448947
0.5166333,0.5430373
1.9883332,0.7704979
1.0446999,1.5238799
0.48613328,1.0541383
0.4169333,0.7088172
1.5450666,0.8006959
2.083,1.353286
1.4356333,1.6042118
0.8566333,0.9923633
0.89229995,0.7229948
0.43693334,0.72421825
0.8882333,0.62418914
1.1920333,1.0850197
0.43083328,0.84487617
0.6331666,0.5269501
0.3667333,0.60635495
0.3479666,0.47136933
0.4298666,0.49398917
0.40829998,0.4747951
0.36116666,0.50755745
0.34233332,0.4621426
0.5,0.49324167
0.7577666,0.517492
0.3369333,0.5064544
0.5106666,0.5579809
0.4597333,0.6923231
1.5354333,0.6415072
1.4741333,1.3088005
0.68616664,1.3196108
0.75946665,0.71673524
0.47709996,0.9065089
0.5211333,0.66054857
0.64129996,0.7317686
0.60006666,0.91384244
0.77559996,0.9721866
1.9487333,1.5350871
0.6913666,2.229998
0.9413666,1.2653563
1.7915,1.4104224
2.5947666,1.5564506
1.1005332,1.3801072
0.38489997,0.505775
0.46873325,0.33958405
0.34106666,0.38180143
0.36253327,0.44813246
0.3721333,0.47816223
0.5445,0.58963543
0.8365333,1.1341985
0.9442333,1.3726227
0.60239995,1.1013664
0.7591666,0.8660643
0.62853324,0.96686924
0.72229993,0.86891395
0.6212666,0.8828661
0.5216333,0.771979
0.5429333,0.74555117
0.3530333,0.7681145
1.1607,0.6678047
0.6884333,0.78029513
0.5361999,0.8501998
1.5040666,0.86135876
1.9975667,1.502372
1.8635666,1.4569256
0.6359333,1.239249
0.37859994,0.5521906
0.43576664,0.46106642
0.33016664,0.4766397
0.36429995,0.4734193
0.40129995,0.47165984
0.3899666,0.5281552
0.3924666,0.6446804
1.1433333,1.1655785
1.6144333,1.2248989
1.7105334,1.275963
0.62293327,1.2940404
0.60113335,0.7516758
0.5738666,0.7982997
1.4215,0.8087473
1.7366667,1.1039746
1.0985999,1.2116393
0.4931333,0.90460384
0.4898666,0.73095703
1.0689666,0.79455775
1.3580667,1.4745201
1.5689,1.7123017
2.1143332,1.4492123
1.8494667,1.5288424
0.87693334,0.90701514
0.49716663,0.66005635
0.65029997,0.39002657
0.46629995,0.54686224
0.35323328,0.46331406
0.39526665,0.47403085
0.3802666,0.52444345
0.45529997,0.87831247
0.9360666,1.2451019
0.6037,1.1608714
0.57763326,0.86125505
0.49763334,0.692392
1.0361333,0.636582
1.1337999,1.0111536
1.2403333,0.9773264
1.4386666,1.2306199
1.0747666,1.4015633
0.525,1.0625113
0.4873333,0.73941493
0.5254,0.73296046
0.76656663,1.0044105
0.9316333,1.3833662
2.2807333,1.2760592
3.1088667,1.7709584
3.1290998,1.8128014
2.5531669,1.8743839
1.3841333,1.430212
1.2592332,0.88526064
0.8019333,0.80184495
0.8353666,0.6238677
0.77279997,0.66927934
0.8113333,0.9064694
0.8101333,1.3059267
1.2321666,1.4651167
1.9920666,1.6829159
1.1026666,1.7364779
1.1862,1.0920808
0.5487666,0.9453738
0.5030999,0.7392206
0.87976265,0.741373
1.8799,0.9053341
1.1058999,1.0721153
0.5336999,0.6435612
0.5461999,0.512488
0.51496667,0.6433246
0.52383333,0.9484906
1.7314,0.95275664
2.3951333,1.1186634
1.3301666,1.7141306
0.75119996,0.8205784
0.5985333,0.5348175
0.39699996,0.5078867
0.46566665,0.40259737
0.33076662,0.4675616
0.27889997,0.39068443
0.35419995,0.52844226
0.27836663,0.8874487
0.7949333,1.1389484
0.7357333,0.86416066
0.5718,0.5932332
0.30183333,0.82162994
0.32909995,0.43570858
0.63199997,0.4450776
0.6920999,0.83049697
1.3842,0.89052993
0.56693333,0.86294246
0.31446666,0.51757175
0.2937333,0.38365823
0.34656662,0.47942036
0.27849996,0.6291144
0.9086,0.50937355
1.1646,1.3280475
0.8978666,1.318747
0.83129996,0.921789
1.0189333,0.72045434
1.0146999,0.61786616
0.31709993,0.44425952
0.33449996,0.23386145
0.3042,0.25219828
0.32113326,0.31122226
0.31176662,0.3737278
0.41369998,0.51467705
1.3840666,0.5770717
1.3928666,1.2035607
0.39669997,1.231031
0.31409997,0.4686972
0.2503333,0.48989147
0.30243325,0.50695974
0.29786658,0.5242327
0.32016665,0.47972184
0.2940666,0.4606943
0.30396664,0.47480708
0.32329994,0.54304266
1.0122666,0.6752841
0.69043326,0.6100443
0.7294,0.9469495
0.5599,0.66162753
0.43629998,0.5120212
0.40036666,0.4677549
0.33199996,0.4046024
0.5937333,0.45095915
0.21686661,0.5822131
0.31599993,0.45007026
0.29556662,0.4437126
1.1619667,0.48670107
0.3011666,0.6639663
0.31216663,0.4403299
0.23963326,0.4245776
0.2851333,0.42652416
0.3173666,0.4541409
0.2658,0.4478262
0.3264333,0.43342435
0.22989994,0.45491773
0.2944666,0.5146547
0.28929996,0.55490154
0.9191,0.59035134
1.2330667,0.8947847
1.1449333,0.9846711
1.0483,1.72609
1.0921667,0.9360432
1.4822333,0.9119039
0.37109995,1.2140942
0.27516663,0.41182756
0.28286666,0.4037674
0.2887333,0.41143918
0.31726664,0.43500274
0.3062666,0.48036015
0.98146665,0.77130854
0.5998666,1.1408743
0.29979998,0.7997329
0.3009333,0.63572603
0.3492666,0.52069014
0.32419997,0.5047718
0.20999998,0.42702234
0.3910333,0.43079513
0.34636664,0.47659147
0.51189995,0.5530223
0.40899998,0.69543934
1.0612999,0.66759
1.3475,0.7137222
1.403,1.2007056
0.3713333,1.4085685
0.3825,0.47044992
1.2311,0.55951065
0.9906666,1.402189
0.43386662,0.9301687
0.3684333,0.49996763
0.46476662,0.4648913
0.6963333,0.48073232
0.34703332,0.8037061
0.4330333,0.51233083
1.0626,0.68028724
0.33119994,0.7692708
0.33313328,0.58288807
0.35356665,0.58251876
1.1478,0.5375299
0.7602333,0.8690504
0.3365,0.5917045
0.3436666,0.46703184
0.30739993,0.50967
0.3230666,0.5305975
0.28453332,0.5234316
0.47596663,0.5567935
0.7254333,0.9377859
0.6658,1.2167281
1.6181667,1.1476932
0.75796664,1.5681841
0.73353326,1.0565629
0.9597,0.74472344
0.7822666,0.81570804
0.7374333,0.5149417
0.33596665,0.53223014
0.3116333,0.40437037
0.35203326,0.4551894
0.30703324,0.49237835
0.37849998,0.6894062
0.6636333,0.7180003
0.8515,0.7602926
0.35499996,0.7016213
0.30536664,0.4217018
0.33343327,0.39503145
0.2865333,0.4116614
0.7761333,0.45073092
0.8655,0.81832874
0.74876666,0.8701297
1.2842,0.8142587
0.74086666,1.0619676
0.3336333,0.60128427
0.75679994,0.53193974
1.2741,1.1344784
0.4762333,1.5549486
1.6013999,0.7801496
2.8781333,1.033671
2.6749334,1.753401
2.1680334,1.6614113
1.4624667,1.3074366
1.4041,0.8942956
1.3682666,1.0080497
0.43559998,1.0916401
0.36679995,0.45595795
0.4712333,0.49089408
1.0183333,0.57688093
0.3619333,0.77138054
0.3594333,0.53672016
0.34109998,0.60696757
0.3692,0.5854847
0.36613327,0.58399856
1.3246,0.5080089
0.36683333,0.85548115
0.37626666,0.42426366
0.3860333,0.44745702
0.37246662,0.49641097
0.3748333,0.52708495
0.39556664,0.5470293
0.96659994,0.58506864
1.1483667,1.5966036
0.5282999,1.5887446
0.53453326,0.6657951
1.2643332,0.5299228
0.5916666,0.6268822
1.2449666,0.39722085
1.1148,0.9462877
0.84483325,0.63326526
0.3563,0.5359519
0.38319993,0.43390876
0.71629995,0.4403882
1.4133666,0.47116953
0.4327333,0.9659231
0.36189997,0.4205528
0.58376664,0.42535502
0.7842666,0.6821415
0.45803332,0.90810144
0.9314333,0.5517366
0.5397,0.52094734
0.35806662,0.4997632
0.3793,0.4626953
1.4078666,0.5055549
1.5015666,1.0638089
1.6510665,1.1978868
0.9489,1.2434692
0.7997333,0.7311037
0.77486664,0.61203694
0.7538667,0.64707637
0.47453332,0.60396624
0.35239995,0.45494044
0.3703333,0.38606822
0.35569996,0.425744
0.3877666,0.48373985
0.9122333,0.56699646
0.5372333,0.60977197
0.37759995,0.6304951
0.3533666,0.5496649
0.36346662,0.5482512
0.65353334,0.56918246
0.79533327,0.9922592
0.34243333,1.1306413
0.36103332,0.65394664
0.36346662,0.6372307
0.37629998,0.61281633
0.7580333,0.618458
0.8834666,0.6103822
0.6974,0.6006236
1.7542999,0.75275445
1.2302666,1.6588306
1.1322,1.0307
1.092,0.85219276
0.90136665,0.84150374
0.35196662,0.65555584
0.32413328,0.34939176
0.38496667,0.37057638
0.36833328,0.3919776
0.8814333,0.41817117
0.8028333,0.5002435
0.3766666,0.5389729
0.35486662,0.48097312
1.3948333,0.50839484
1.6441333,1.1130038
1.5775,1.4786497
0.8530333,1.4346671
0.36533326,0.619796
0.3648333,0.49649864
0.3855666,0.5200646
0.3613333,0.5191013
0.37216663,0.511287
0.8781,0.5363632
0.6794666,1.5646892
0.64166665,1.2067535
0.6522666,1.053061
2.8313665,0.839098
0.34063327,1.1115758
0.33879995,0.54889596
0.27876663,0.5025231
0.3625666,0.5073233
0.30759996,0.5000828
0.33383328,0.5848619
0.25779992,0.7405894
0.33329993,0.87861145
1.7709,0.8830108
0.41243327,1.2941558
0.7432333,0.91753805
1.0832334,0.85079616
0.5131666,0.98401755
0.32996666,0.4417047
0.32546663,0.3418253
0.29573327,0.3594314
0.33639997,0.37591898
0.2747,0.3683362
0.34829998,0.37765443
0.29503334,0.5001103
0.3242333,0.478123
1.1442666,0.43214387
2.0912666,1.6671453
1.8942,1.2794067
1.6456332,1.1869789
1.6177666,1.1746736
0.8101333,0.93804806
0.35683334,0.52447915
0.2897666,0.40625012
0.31153333,0.377757
0.30139995,0.33266836
0.32026666,0.5067684
0.2753333,0.73192763
1.1635333,0.8206641
0.7449333,1.0510696
0.53136665,0.651556
0.5818333,0.60454696
0.4963333,0.71115386
0.28953332,0.64672613
1.0975666,0.4922921
0.3030666,0.6362752
0.29016662,0.33185148
0.34329998,0.3879255
0.2757666,0.44706953
0.3292666,0.51461124
0.8642,0.71927845
1.2083333,1.2099789
1.4247999,1.2765871
1.6895666,1.5179195
1.4232,1.2354879
0.7068333,0.52471185
0.32519996,0.30362666
0.30223328,0.23641473
0.30549997,0.29899836
0.45133334,0.3662451
1.5366666,0.6474351
1.3219,1.4302299
1.2511666,1.3447807
0.28926665,1.0982903
0.30959994,0.51549476
0.30459994,0.48069042
0.32016665,0.47627407
0.29183334,0.46799433
0.32106668,0.45640188
0.31606662,0.47796428
0.2830333,0.53968704
0.33629996,0.6256038
0.63479996,0.6991992
0.73856664,0.59793645
0.2951333,0.5600886
0.34359992,0.6141436
0.27993327,0.6812314
0.33169997,0.45803195
0.3173666,0.41075063
0.2972666,0.39537537
0.32653326,0.4255399
0.29933327,0.44054413
0.32223326,0.4924059
0.27486664,0.5727089
1.2340333,0.7216377
0.29463327,0.7660798
0.32453328,0.32169873
0.27076662,0.3229943
0.27603328,0.39682668
0.2986666,0.4247561
0.31646663,0.42894238
0.3056,0.40832907
0.28596663,0.4337436
0.33666664,0.49945486
0.27163327,0.5793773
0.45,0.617587
1.0928667,0.6661256
0.3196333,0.59957635
0.28579998,0.3092112
0.33336663,0.32718408
0.2857666,0.34980375
0.3081,0.38205522
0.3189333,0.3289613
0.291,0.33892214
0.30679995,0.398987
0.30149996,0.44950116
0.31229997,0.5061816
0.36086667,0.5670226
1.1503,0.7421027
0.47643328,0.6081455
0.32466662,0.40890056
0.29709995,0.30087286
0.3067,0.36791098
0.28143328,0.40588623
0.26629996,0.4060375
0.27949995,0.38040447
0.3027333,0.4210924
0.31716663,0.5039605
1.2049667,0.59373975
0.3151666,0.64910275
0.28963333,0.29285556
0.28079993,0.32094377
0.2802,0.35916996
0.33849996,0.38684982
0.27656662,0.36770916
0.31573325,0.3449114
0.30183333,0.35460836
0.3086666,0.3652867
0.28856665,0.33880872
0.5586666,0.38241148
1.0050333,0.37994593
0.31399995,0.46585953
0.3315333,0.28691703
0.28463328,0.26047653
0.29686666,0.31129825
0.2606333,0.35440797
0.30069995,0.38673025
0.28399998,0.39389706
0.33369994,0.44253296
0.28239995,0.5177739
0.3185333,0.54374003
0.68556666,0.58843195
0.9024333,0.4619907
0.28886664,0.4642846
0.34279996,0.30472004
0.3109666,0.34888893
0.29786658,0.36637753
0.33733332,0.37998605
0.2922666,0.365914
0.3170666,0.34651405
0.29283333,0.35558683
0.33506662,0.37497246
0.26416665,0.38390845
0.64273334,0.43692464
0.9396,0.38985538
0.31583327,0.45349437
0.2658,0.22937357
0.30329996,0.25755513
0.3096333,0.31099027
0.29066664,0.35707802
0.3392666,0.3772353
0.26439995,0.36211216
0.3310333,0.3987978
0.29149997,0.44601524
0.31366664,0.489704
0.6568999,0.48467308
0.9184333,0.44381452
0.30323327,0.4650638
0.31216663,0.3054868
0.32836664,0.33471328
0.3054666,0.37744868
0.30769998,0.37933856
0.31223327,0.36402756
0.30149996,0.35359955
0.25253332,0.36685288
0.31683326,0.39232814
0.27706665,0.4013142
0.7077333,0.49085832
0.8600333,0.49525738
0.32909995,0.478064
0.28589994,0.29897797
0.31646663,0.3075642
0.3228333,0.33857632
0.2746666,0.38296866
0.3393333,0.38675976
0.2793333,0.37481034
0.32263333,0.41494095
0.29173332,0.44889653
0.33123326,0.4855349
0.7540333,0.5012981
0.7425333,0.43054652
0.3167333,0.41238534
0.30816662,0.33995348
0.3232,0.3874175
0.30696666,0.42189896
0.3078,0.39458746
0.28966665,0.3905506
0.32186663,0.3727007
0.27279997,0.35575682
0.3206666,0.36334395
0.2901333,0.36659122
0.92356664,0.43668234
0.5683,0.521317
0.3189333,0.36498344
0.28266662,0.3105235
0.35819995,0.3508259
0.41876662,0.41961205
0.3802666,0.46765995
0.39076662,0.46908158
0.36389995,0.49462342
0.4158333,0.55088663
0.38829994,0.59490263
0.42886668,0.5998647
1.3614,0.6020353
0.43349993,1.073243
0.35339993,0.41606545
0.39443332,0.4455629
0.38059998,0.5250447
0.27809995,0.6105336
0.3220333,0.45256895
0.2862333,0.45150346
0.32286662,0.44985616
0.26999998,0.38236868
0.33349997,0.41500407
0.3363666,0.42660618
1.1549333,0.50225645
0.32443327,0.59301436
0.28039998,0.26449972
0.31623328,0.2987947
0.31829995,0.348409
0.30713332,0.4039775
0.28066665,0.39703548
0.32579994,0.41532475
0.25503325,0.43483728
0.27759993,0.5175311
0.29463327,0.5635773
0.5885999,0.60454017
0.98149997,0.6018194
0.31696665,0.4809454
0.30726665,0.30782628
0.29206663,0.3560862
0.34266663,0.42467552
0.27226663,0.4308014
0.30326658,0.44032472
0.2534333,0.44840318
0.3086666,0.4408849
0.2728333,0.3958549
0.32726663,0.4467607
0.6917,0.44789195
0.86283326,0.4528371
0.31463325,0.36133516
0.23119992,0.22116178
0.2998333,0.27048045
0.2988333,0.32007027
0.3189333,0.34240842
0.27256662,0.35878623
0.2775666,0.3599764
0.26219994,0.37822503
0.31456667,0.45520848
0.2877,0.48984975
0.9668666,0.51347893
0.5365333,0.4485336
0.30359995,0.33137274
0.3042,0.30107123
0.2853666,0.36563414
0.33566666,0.3941747
0.20853329,0.37445247
0.31879997,0.38741452
0.29036665,0.38607955
0.29856664,0.3627994
0.28073335,0.34291244
0.28849995,0.3958845
1.2258999,0.41921008
0.30693328,0.55439055
0.2978,0.20963615
0.2818333,0.22247207
0.26319993,0.29463875
0.27499998,0.32100552
0.29679996,0.34517443
0.2746333,0.34428322
0.30089998,0.3878255
0.21639997,0.4319589
0.32413328,0.52756155
0.59786665,0.5636961
0.9192333,0.5015641
0.26703328,0.4305446
0.30326658,0.28407198
0.28729993,0.3060345
0.29969996,0.34845805
0.27089995,0.37208587
0.2672,0.3572774
0.33063328,0.38590968
0.27129996,0.396832
0.29869998,0.40164942
0.23376662,0.40663832
0.91276664,0.42346615
0.67129993,0.3837669
0.32269996,0.31296575
0.28129995,0.20907247
0.23513329,0.24139565
0.30599993,0.26134515
0.29493326,0.284514
0.3062333,0.3091622
0.22626662,0.32932597
0.30646664,0.38579595
0.25749993,0.43449134
0.33639997,0.45936388
0.8581333,0.4963147
0.61983335,0.4533053
0.2899,0.3607912
0.29909998,0.29736382
0.28039998,0.33019906
0.3393666,0.33699685
0.22849995,0.35285217
0.29926664,0.33663934
0.3097,0.34331053
0.27759993,0.35508502
0.31726664,0.3498091
0.28499997,0.3779726
1.1826333,0.371036
0.32003325,0.47828227
0.31689996,0.23752904
0.27016664,0.24043852
0.32046664,0.30467558
0.26819998,0.32917404
0.26489997,0.34995198
0.29023325,0.33604223
0.31863332,0.39444274
0.27706665,0.45050842
0.24223334,0.522565
0.53023326,0.5413866
1.0143,0.50543314
0.31326658,0.49907392
0.23006666,0.2858203
0.2929666,0.2923032
0.29389995,0.33415538
0.33419997,0.34994352
0.20953327,0.3471508
0.33309996,0.34872353
0.26913327,0.3963573
0.31323332,0.41686422
0.2829666,0.41480422
0.8472667,0.49592787
0.6601666,0.45086735
0.3196,0.3862599
0.29629993,0.2936865
0.2851333,0.34639597
0.31776667,0.3821239
0.2921666,0.3653354
0.24809998,0.34453648
0.30479997,0.34720212
0.29813325,0.3930213
0.27546662,0.43542463
0.33303326,0.47727323
1.0964667,0.49925566
0.3942333,0.6745215
0.28459996,0.27349383
0.32086658,0.28547305
0.26989996,0.34192848
0.30223328,0.3871802
0.26779997,0.37622768
0.30879998,0.39019793
0.30813324,0.44926238
0.31356663,0.49556136
0.29023325,0.4615265
0.35376662,0.44567537
1.249,0.42595387
0.29036665,0.5593119
0.26193333,0.24636179
0.2945,0.24384165
0.31373334,0.31355113
0.28419995,0.3685295
0.33316666,0.39785755
0.25796664,0.3987279
0.33896667,0.41600913
0.25873333,0.5217794
0.27419996,0.613479
0.43789995,0.62702835
1.1548666,0.6518796
0.29109997,0.73933804
0.30036664,0.3389203
0.3248999,0.3786819
0.2845,0.43851906
0.32233328,0.46706837
0.26203334,0.4577648
0.29969996,0.45776778
0.2842999,0.49560565
0.33029997,0.5054019
0.2764666,0.50373465
0.4366333,0.5067202
1.1349334,0.50081724
0.32159996,0.5519596
0.2757666,0.21805787
0.32699996,0.2478475
0.24113333,0.29413164
0.28389996,0.331522
0.32609993,0.3528105
0.28256667,0.3619516
0.32119995,0.4051603
0.27979994,0.51184845
0.32349998,0.6143359
0.4844333,0.6523417
1.0255666,0.64701605
0.28779995,0.5548701
0.30076665,0.28430116
0.2864666,0.32628715
0.32849997,0.3867715
0.2831999,0.4085564
0.3189333,0.40043485
0.25766665,0.43234313
0.2954666,0.46348673
0.3141666,0.47874707
0.29626662,0.4853226
0.6167333,0.5025524
0.94149995,0.41262233
0.2776333,0.3851363
0.27013332,0.16947192
0.3089,0.22715932
0.28859997,0.25313586
0.31153333,0.30523956
0.28036666,0.31925887
0.25986665,0.32937813
0.30693328,0.37211382
0.27619994,0.50543964
0.32039994,0.5606328
0.7539333,0.58040917
0.74239993,0.43087876
0.28719997,0.37395185
0.31509995,0.253653
0.26989996,0.30926102
0.30379993,0.34964347
0.24606663,0.36629403
0.3109666,0.36712915
0.3054666,0.38916785
0.31286663,0.4103819
0.2614333,0.41548294
0.26036662,0.4311698
1.0248666,0.46129447
0.5477666,0.3968547
0.3143,0.3004678
0.22713327,0.23212886
0.31073332,0.28851396
0.26273328,0.3192572
0.33049995,0.32556337
0.2691666,0.33424008
0.2537666,0.3687395
0.3145333,0.48659158
0.27599996,0.5678122
0.3081,0.523746
1.1694,0.5103977
0.3408333,0.6792231
0.2553333,0.2397002
0.32949996,0.23767912
0.26179993,0.34913015
0.25159997,0.37982607
0.30049998,0.35386992
0.2965333,0.36050922
0.29189992,0.41218764
0.2528333,0.4903937
0.3019333,0.51293546
0.41313332,0.49166435
1.1578,0.44049639
0.22229993,0.4468087
0.29609996,0.20194834
0.28299993,0.22004116
0.31739998,0.2553144
0.2003333,0.26785672
0.32009995,0.28063315
0.2679333,0.2885524
0.31229997,0.33753127
0.21163332,0.42137796
0.31903327,0.48966044
0.7287,0.6090744
0.76583326,0.52581155
0.29586667,0.43904126
0.2793333,0.33870542
0.29409993,0.35909706
0.23789996,0.37036264
0.28739995,0.3483761
0.28679997,0.34303445
0.27193332,0.34523988
0.27359998,0.39788133
0.3038333,0.41500133
0.29023325,0.42366928
1.0143666,0.45681965
0.4765666,0.4438216
0.32959998,0.28092366
0.25833327,0.2357375
0.25199997,0.2732054
0.2822333,0.27237153
0.30906665,0.2904268
0.26486665,0.28604734
0.26443332,0.31900644
0.28026658,0.3431151
0.29399997,0.38949728
0.34773326,0.45857978
1.2265667,0.5321804
0.2900666,0.86603224
0.30149996,0.27700835
0.9983333,0.31838787
0.40849996,1.4882162
1.8561,0.67109156
1.9023,1.8515064
2.1767,1.8101528
0.9298666,2.2020283
1.2045,1.838588
0.9719666,2.0790524
1.4498667,1.0751712
0.5244,0.71160364
0.2976333,0.33257365
0.3329333,0.3344521
0.26386666,0.3215443
0.30246663,0.3628527
0.31856662,0.36653858
0.3097,0.4239654
0.2612,0.7091435
0.9650666,1.0290335
1.5165666,1.5260305
1.3763332,1.3872237
1.3420333,1.29223
0.24979997,1.1797066
0.4827333,0.38763958
0.75479996,0.53770554
0.8666,0.59196055
0.32089996,0.6598723
0.8527333,0.44111115
0.6712333,0.5872123
0.7438333,0.6450098
1.0497333,0.7095039
1.4753333,2.2837625
1.2868333,1.9456174
1.5521666,1.5542636
1.2357666,1.5015429
1.0600666,1.0800576
1.0796334,0.679267
0.8246666,0.6860409
0.74466664,0.70022285
0.8127667,0.7293584
0.80059993,0.75084543
0.75306666,0.94812536
1.0798666,1.6812823
1.1409667,1.900885
1.8965333,1.1486216
1.3446333,1.6312281
0.77853334,0.98280686
0.2910666,0.64439046
0.41823334,0.5695684
0.3371666,0.6340091
0.35816664,0.5945217
0.76723325,0.59406805
0.31806666,0.5828094
0.23516667,0.6355592
0.36279994,0.68008983
0.8698666,0.8971811
0.88799995,1.6452615
0.88653326,1.4213402
0.8850666,1.055827
0.88359994,0.94561815
0.8821333,0.97541505
0.8806666,1.0218153
0.8792,0.9980077
0.8777333,0.9561298
0.8762666,0.9458747
0.87479997,1.1052796
0.8733333,1.4712594
0.87186664,1.5180056
0.87039995,1.3331654
0.8689333,1.2889019
0.8674666,1.1393405
0.86599994,1.1074388
0.8645333,1.0725541
0.8630666,1.06417
0.8615999,1.0321954
0.8601333,0.9951633
0.85866666,0.88883924
0.85719997,0.93793625
0.8557333,1.0747398
0.85426664,1.1620777
0.85279995,1.060082
0.85133326,0.9132299
0.8498666,0.7707827
0.84839994,0.68612564
0.8469333,0.63323164
0.8454666,0.6204603
0.844,0.6162731
0.8425333,0.6285975
0.8410666,0.70060694
0.83959997,0.8594643
0.8381333,1.0245198
0.83666664,1.0603025
0.83519995,0.96117944
0.8337333,0.88225436
0.8322666,0.86916316
0.83079994,0.8680337
0.8293333,0.8479306
0.8278666,0.807082
0.8263999,0.7723905
0.8249333,0.77892256
0.82346666,0.8061421
0.82199997,0.8525959
0.8205333,0.95451707
0.81906664,1.0146564
0.81759995,0.9602187
0.81613326,0.8313676
0.8146666,0.7076485
0.8132,0.634395
0.81173325,0.5802723
0.8102666,0.5684285
0.8088,0.5655815
0.8073333,0.5720386
0.8058666,0.61423177
0.80439997,0.73589456
0.8029333,0.9350211
0.8014666,1.057909
0.79999995,1.0217705
0.7985333,0.8644198
0.7970666,0.7908131
0.79559994,0.79544324
0.7941333,0.78289133
0.7926666,0.7607338
0.7911999,0.756845
0.7897333,0.7842482
0.78826666,0.8025596
0.78679997,0.8244979
0.7853333,0.89344776
0.78386664,0.92360395
0.78239995,0.86857283
0.78093326,0.7501002
0.7794666,0.6608454
0.778,0.59187406
0.77653325,0.5082131
0.7750666,0.4923094
0.7736,0.48976922
0.7721333,0.497249
0.7706666,0.5166707
0.76919997,0.54993486
0.7677333,0.5959544
0.7662666,0.6613271
0.76479995,0.7282176
0.7633333,0.76051754
0.7618666,0.778298
0.76039994,0.8136297
0.7589333,0.85475206
0.7574666,0.84604853
0.7559999,0.8064656
0.7545333,0.7563468
0.75306666,0.71017647
0.75159997,0.6830905
0.7501333,0.6843965
0.74866664,0.68852806
0.74719995,0.631043
0.74573326,0.5521928
0.7442666,0.52473384
0.7428,0.51291335
0.74133325,0.49249667
0.7398666,0.4858833
0.7384,0.48554277
0.7369333,0.49414015
0.7354666,0.5075567
0.73399997,0.5262329
0.7325333,0.5595325
0.7310666,0.5965632
0.72959995,0.63571185
0.7281333,0.66901815
0.7266666,0.684966
0.72519994,0.68819845
0.7237333,0.70192003
0.7222666,0.7006742
0.7207999,0.675153
0.7193333,0.64603066
0.71786666,0.6324087
0.71639997,0.64871573
0.7149333,0.6877496
0.71346664,0.7100663
0.71199995,0.6790428
0.81153333,0.57536733
0.36436665,0.6885432
0.3487,0.37036854
0.33586663,0.39844936
0.3663,0.39480746
0.72529995,0.3907953
0.7053666,0.48756087
0.32436663,0.48851722
0.36639994,0.4450792
1.3092666,0.50119543
1.4589,1.1962422
0.60136664,1.2698805
0.36869997,0.46092457
0.33999997,0.39606273
0.3449,0.47571647
0.3479333,0.52890843
0.3176666,0.5162509
0.3702333,0.5047236
0.30783325,0.53992045
0.3748333,0.6290963
0.9786666,0.7157169
0.4583333,0.6206614
0.562,0.6410394
0.6539333,0.8028027
0.4662333,1.0936556
0.3278666,0.5118912
0.35739994,0.44607115
0.31723332,0.45389748
0.35326666,0.5171708
0.30146664,0.4820271
0.36009997,0.49008
0.67069995,0.48493165
0.71599996,0.68326056
0.99599993,1.0235908
1.4222333,1.0352781
0.77373326,1.2925858
0.34600002,0.53878134
0.34986663,0.4233955
0.32876664,0.52075636
0.36613327,0.57236505
0.31009996,0.5616005
0.3254333,0.5552036
0.3030666,0.5732966
0.36839998,0.6756693
0.9464,0.7371252
0.3782333,0.689438
0.34699994,0.6266978
0.37443334,0.5213108
0.68369997,0.4841931
0.35346663,0.6399035
0.3427,0.45066404
0.32976663,0.44663078
0.35626668,0.46919614
0.31036663,0.44447076
0.83909994,0.48939884
0.5518,0.479259
0.35719997,0.60239136
1.1821333,0.75633645
1.8391333,1.1210008
1.5416666,1.4708573
0.33676666,0.70426524
0.2713666,0.34729767
0.31046665,0.39258462
0.31943333,0.48028028
0.31183332,0.48016137
0.33676666,0.47725248
0.23946661,0.49816024
0.34519994,0.545506
0.94259995,0.6098138
0.35346663,0.52186877
1.0539333,0.39889407
1.5824,0.8676667
1.4607,1.1059968
0.82559997,0.96308815
0.5391666,0.4040361
0.27156663,0.41708672
0.32379997,0.34345454
0.31726664,0.34742117
0.34356666,0.3673666
0.3033666,0.38418508
0.33786666,0.55333376
1.3136333,1.0640112
1.4059333,1.3005038
0.7121333,1.1533555
0.32939994,0.47372472
0.33196658,0.34559894
0.52909994,0.4520976
0.33676666,0.56326795
0.3381999,0.471281
0.32599992,0.43849516
0.33119994,0.47922128
0.3519333,0.57654244
0.9729666,0.60761243
0.47509998,0.59899247
0.39656663,1.025022
0.65569997,0.5173542
0.32329994,0.7648016
1.0543666,0.435059
0.5063999,0.8502131
0.40916663,0.5265631
0.3346666,0.47804725
0.34983325,0.47180295
1.1094333,0.45637447
0.32436663,0.5034706
0.34859997,0.37855828
0.5213333,0.5041901
1.2256,1.0494595
1.6963,0.9058138
1.5059667,1.446994
1.5641,1.2791394
2.1425333,1.2524786
1.7725,1.6465691
2.9965665,1.4495518
2.4771333,2.3753324
0.7748333,1.7635357
1.7782333,0.91445374
2.8016334,1.33612
3.0526667,2.074274
2.0804667,2.2357526
2.3304,2.270231
1.1623666,1.8518753
0.57906663,0.67451876
0.45653325,0.49066657
0.3438,0.40658212
0.36836666,0.43509072
0.35433328,0.42520976
0.33369994,0.4254148
0.96369994,0.4591694
0.32239997,0.43779665
0.33146662,0.5323336
0.41719997,0.81384635
0.6422,1.1797596
0.60886663,1.2846035
1.4582666,1.1713028
2.5922332,1.2673882
2.3489666,2.2278707
2.0538332,2.1177704
2.0253334,1.5540292
2.0053334,1.4377201
1.7953334,2.0428958
1.4537333,1.9414567
1.4208666,1.3361193
0.7807333,1.2668737
0.33339995,0.55202526
0.30256665,0.44931167
0.33443326,0.4374531
0.6910666,0.48046798
0.3606,0.6275768
0.31863332,0.4697991
0.36003333,0.4837789
0.27476662,0.5306173
1.1188667,0.52360696
0.29829997,0.52906674
0.34223324,0.37698203
0.49173325,0.38301164
0.39209992,0.6683397
0.64746666,0.62453794
1.5473332,0.92911136
2.5704,1.3004743
2.1139002,1.9266204
1.5021334,1.7715839
1.4193666,1.3323078
0.37416667,1.1250514
1.4337666,0.48574674
1.1071999,1.4397423
1.7450666,1.4211191
2.1989334,1.8595484
3.2345,2.1119132
2.3159666,2.21978
0.94946665,1.2949628
0.5507333,0.46921325
0.48323333,0.4410885
0.3411333,0.44326657
0.28736663,0.3750074
0.28509992,0.437936
0.28673327,0.5347947
0.33676666,1.0131156
0.89056665,1.6183574
1.4085333,1.5769509
1.0479,1.2723637
0.8792666,0.8185321
1.5097,0.6700735
1.7421334,1.3047025
2.2182333,1.3464401
2.4171333,1.731617
1.8369,1.8841043
1.6935666,1.5535468
0.3625,1.4503887
0.33123326,0.49162853
1.1589,0.56784457
0.8696333,1.9606405
2.2422333,1.8266695
1.1637666,1.713908
0.57009995,0.7862793
0.40176666,0.45299965
0.36636662,0.43522197
0.3196333,0.41631448
0.2955333,0.41818845
1.0354333,0.41486728
0.32879996,0.49355495
0.24463332,0.4797027
0.5892,0.9491765
1.5327666,1.3852276
1.4823667,1.3734599
1.1666332,1.1952957
1.5806667,0.8413651
1.2884667,1.4539857
1.0535666,1.0214427
0.8699333,1.0040202
0.6130333,0.8764654
0.7542333,0.7320081
1.4517334,0.8403156
1.7887,1.2470953
1.3791,1.8550917
1.8193667,1.6792994
1.1395667,1.682512
0.68799996,0.94220304
0.56226665,0.56749666
0.3771,0.48282677
0.2891333,0.44541484
0.34016663,0.43071938
0.30213332,0.42960888
0.8031666,0.46161717
0.3105333,0.4607033
0.4613999,0.7379607
0.9840333,1.3818667
1.4570667,1.2026092
0.84236664,1.3156581
1.9099333,0.57146776
2.1177335,1.2933533
1.6747333,1.6072922
1.6333,1.5058168
1.7136333,1.5065402
1.4292333,1.5004752
1.3891666,1.2440734
1.4856333,1.1890769
0.5392333,1.4203138
0.5494333,0.52870524
1.8614333,0.8317023
2.5369,1.8561907
1.1801333,1.4714799
0.36769992,0.5308491
0.33306658,0.33339614
0.30549997,0.35277712
0.34659994,0.39827198
0.25479996,0.3732202
0.33983326,0.40837604
0.3009333,0.44464052
1.0378666,0.93715835
0.77443326,1.3302732
1.5999333,1.4746813
1.6337333,1.3643888
1.7061,1.4312046
1.6545334,1.4768465
1.5187666,1.4514217
1.3599999,1.304397
1.4055333,1.0969425
0.8876333,1.0538785
0.33906662,0.50618434
0.49419993,0.37544942
0.7261666,0.6346884
0.6808666,1.1673893
2.4064999,1.5045965
1.5888333,2.0771465
0.9164333,0.7303909
0.5968666,0.5851703
0.39016658,0.51245767
0.34499997,0.4160244
0.3454666,0.39496034
0.4543,0.38304228
0.69393325,0.50558007
0.9556333,0.6814065
0.9327666,1.1044301
1.1414666,1.8258808
1.5048,1.6520963
1.4632,1.3524528
1.3639333,1.3428705
1.4092333,1.2682917
1.6444666,1.2392281
0.73136663,1.4155684
0.35523325,0.52384603
0.41023326,0.42687482
0.3091333,0.47433472
0.3439666,0.48060864
0.3648333,0.50656945
0.53099996,0.61830664
2.3058667,1.299073
1.8044333,1.8834147
1.6770332,1.1023341
0.96276665,0.7018404
0.46866667,0.6267053
0.33326668,0.46836478
0.27526665,0.3914091
0.31376666,0.379961
1.0629666,0.4177906
0.3229,0.44392008
0.67173326,0.40857702
1.9570333,1.0215029
1.446,1.6970613
0.7789999,1.3704506
0.90236664,0.67385066
1.6402333,1.0660621
1.3255666,1.7247581
1.1751666,1.8402123
2.1476,1.4638764
1.7486666,2.0540466
0.7704666,1.1985675
0.5642333,0.7140393
1.6101999,0.6936017
1.6162333,2.0182915
2.2788334,1.7527072
2.5189667,2.129182
2.1733665,1.9369214
0.9615,1.6018882
0.5580999,0.6518229
0.4830333,0.4638161
0.5433,0.45121366
0.34779996,0.46805876
0.3080333,0.41281682
0.3382333,0.4519142
0.26953328,0.466662
0.30996662,0.5578451
1.3496,0.65652084
0.4319666,1.120311
1.2559999,0.6353762
1.6126,1.2665367
0.98319995,1.529396
0.79889995,1.1689471
1.2334666,0.87733436
2.2218332,1.0871792
1.0086333,1.7124133
0.5999333,1.0589657
0.85489994,0.866891
1.3828666,0.76918805
1.0963666,2.2725215
2.119,1.9328892
1.5342333,1.42219
0.4088,0.7916838
0.3614666,0.3662284
0.3339333,0.35532773
0.3425666,0.38089806
0.28243327,0.3746937
0.35099995,0.43975425
0.22309995,0.4751066
1.5419333,0.74566376
1.8616333,2.0996494
1.5826333,1.6502991
1.4338,1.4067646
0.5483666,1.3350941
0.31559998,0.5583182
1.2417667,0.45934862
1.3418334,0.86823434
0.36543334,0.9293643
0.9581666,0.50577563
1.4072332,0.69322824
2.4976666,1.1308548
0.8907,2.2650983
1.2747333,0.75354826
1.1888666,1.5704713
1.7181666,1.525878
1.2335,1.3780026
0.41806662,0.62016606
0.66206664,0.49350268
0.6508333,0.40512592
0.27219993,0.40879357
0.3152666,0.39372265
0.30499995,0.40452915
0.32686663,0.47657794
0.6378,1.2897892
1.8521333,1.7728825
1.4305333,1.625447
1.4320333,1.4556849
0.61503327,1.3930132
1.0950667,0.6649189
0.48646665,1.0230126
0.43636662,0.65214586
0.3362,0.6427072
0.33633327,0.5898553
0.93649995,0.57481235
0.33349997,0.60711914
1.0712667,0.6179272
2.7609334,0.7645521
2.1508331,2.7346754
2.2494333,1.9143838
2.4007666,1.6823477
1.1041332,1.522324
0.36596662,0.41682523
0.34976667,0.33630306
0.45789993,0.34863973
0.3013333,0.41383976
0.34600002,0.36275315
0.3224333,0.41477424
0.7884333,1.0279486
1.9180999,1.8174732
1.6187,1.6126208
1.4468334,1.4758254
0.4638666,1.4304194
0.3372,0.47624463
0.6727666,0.45232242
0.4571333,0.6594269
0.50069994,0.61120254
0.4572,0.6069558
0.5627333,0.60154295
0.92939997,0.70857424
1.6340332,1.3273191
0.7245333,1.7252085
1.8529999,1.4688858
2.8006,2.1667166
1.4298333,1.7008582
0.9917333,0.80339575
0.90496665,0.68328094
0.47246665,0.6408708
0.32793325,0.51019293
0.28279996,0.4157077
0.2496,0.43624324
0.7349333,0.4609831
0.87826663,0.8782758
1.9045999,1.5263798
1.4102,1.6165543
0.9942666,1.3293612
0.42676663,0.55577755
0.84456664,0.43261856
0.8244666,0.53665227
0.95799994,0.76459306
0.42096663,0.7231256
0.7772333,0.44828826
0.30036664,0.65459186
0.71646667,0.54553396
0.46999997,1.314382
1.5420666,1.4421179
2.6474333,2.1147537
1.2951666,1.9945157
0.8265333,1.300505
0.4351666,0.59016395
0.32459998,0.38025045
0.80626667,0.388363
0.43909997,0.36203772
0.33616662,0.30083293
0.2793333,0.33145338
0.2612666,0.38190055
0.91066664,0.7500119
1.698,2.2876916
0.31983328,1.4625673
0.30699998,0.45216542
0.34993327,0.36467856
0.46993333,0.45903945
0.23243332,0.5688398
0.37426662,0.42976457
0.4270333,0.44834673
0.32809997,0.56162506
0.9026,0.5580448
1.0888,0.4918394
2.1483,0.776994
1.8013,2.3129468
2.3795,1.9103472
2.0765,1.9866552
2.3522,1.5558333
1.522,1.6031834
1.0361333,0.7493859
0.46099997,0.747453
0.34499997,0.42083782
0.27406663,0.40649515
0.34279996,0.40533143
0.30256665,0.43900365
0.7187666,0.5394082
1.6514,0.8258886
1.4151,1.4119642
0.89309996,1.2450216
1.3422999,0.704236
0.4276666,1.0563847
1.0580333,0.60504144
1.7219,1.3503842
1.8109,1.2546085
0.96806663,1.4072503
0.45906663,0.80117
1.2209333,0.60508406
0.73183334,1.0069649
0.38176662,0.83860934
1.0723,0.65782446
1.8524001,1.6297706
1.9503334,2.090207
1.9510667,2.2724485
1.9163,2.084599
1.7626333,1.8455892
2.2740998,1.5983317
2.2359667,1.4591466
1.4288332,1.2706252
0.29979998,0.5711524
0.26959997,0.3797732
0.34609997,0.4162181
0.36279994,0.4065615
0.43449998,0.45438492
0.26186663,0.7014731
0.8206,0.5634704
1.1534333,0.7238535
2.1095333,1.8089001
1.6431999,2.1919422
1.5487332,1.5476866
1.0166,1.4257883
0.48259997,0.726805
0.4251666,0.5482059
0.3076666,0.50328106
1.3973999,0.48533583
1.5438333,1.8620253
1.5374333,0.997719
1.2895,1.0755973
0.7721333,0.6749846
0.33659995,0.43003917
0.9683333,0.3964128
0.31066662,0.44195545
0.21419996,0.33825403
0.26319993,0.400284
0.61923325,0.551678
1.9085666,1.3109251
1.4395666,1.5514185
0.5902333,1.2743723
0.35976666,0.50986004
0.33756667,0.45212626
0.2678666,0.5040481
1.2969,0.5351175
0.34996665,0.92023754
0.24179995,0.476878
0.34806663,0.37728053
0.34589994,0.4476617
0.71026665,0.5037512
1.2278333,1.1013519
1.4991,2.295629
1.7951,2.0165212
1.4222333,1.757141
0.31356663,0.81410503
0.3368333,0.5330775
0.33579993,0.4043262
0.34019995,0.376077
0.27923328,0.3545977
0.2566666,0.3734188
0.2604,0.47073698
0.62869996,1.0901827
1.7493333,1.9227502
1.4405,1.6307895
2.1934333,1.3393488
0.9704666,1.7725551
1.7899001,0.79773337
0.5667666,1.4098992
0.50916666,0.8242244
0.94516665,0.69740456
0.32896662,0.6095296
0.3869666,0.5789915
0.52516663,0.62323594
1.5987,0.7052122
1.9842334,1.7737029
2.0944333,2.2742927
2.1402667,2.1071367
1.3248333,1.7483187
0.85849994,0.6292334
0.39319992,0.46803105
0.40836662,0.35255122
0.38073325,0.37211943
0.35099995,0.3545158
0.23933327,0.3771723
0.30499995,0.5082557
0.81226665,1.1230339
2.0184,1.7287737
1.5053667,1.5655087
1.1082333,1.3468462
0.3105666,0.65861976
0.22896665,0.39201266
0.37286663,0.46121007
0.27376664,0.5719751
0.3443333,0.5086259
0.35886663,0.5253196
0.40313333,0.55691385
0.36239994,0.62763596
0.9830333,0.79478014
0.20803332,0.70121086
0.7552999,0.45862997
1.5866666,1.0956038
1.7083666,1.5238924
1.0167,1.4627106
0.41856664,0.7398691
0.3141333,0.44772643
0.26486665,0.4753899
0.98349994,0.47156262
0.26449996,0.43781346
0.31039995,0.26184452
0.63156664,0.37158978
1.9140666,1.197926
1.4490333,1.5935056
0.55146664,1.2340877
0.5208333,0.43043858
1.3399999,0.4426282
1.4146667,1.1936009
1.4808333,1.1616211
0.5958666,1.2027285
0.27526665,0.42654413
0.21049994,0.40083575
0.26183325,0.44294482
0.79153335,0.493725
1.3970333,1.2848326
2.9843001,2.151844
1.7319334,2.4358716
1.4389,1.2789184
0.7833666,0.74969757
0.4765666,0.6023256
0.29529995,0.48420537
0.57909995,0.38799727
0.6627333,0.37358016
0.19949996,0.33279264
0.2623666,0.4714501
0.6324333,0.6900925
1.9198,1.6914198
1.3942666,1.540581
0.85959995,1.2164094
0.19989997,0.4831308
0.2872333,0.35391444
0.5261666,0.4514783
0.3563,0.6180148
0.79456663,0.48426282
1.6732333,0.75912374
2.9641666,1.4539777
1.5464666,1.946624
1.9456334,1.7299868
2.9271998,1.8818951
2.8731332,2.1008773
0.5738333,1.9749584
0.5266333,0.641339
0.48399997,0.47881252
0.29143327,0.6060734
0.26736665,0.45043755
0.8251666,0.4437741
0.35503328,0.3453911
0.33099997,0.26372582
0.2082333,0.29073006
0.61086667,0.40459687
1.804,0.97727156
1.3786,1.6776242
0.82869995,1.1287966
0.5166333,0.62074876
0.3648666,0.6092963
0.30039996,0.5677446
0.8346333,0.48174673
1.0549333,0.9771873
0.8408666,0.6961143
0.9072666,1.0235144
1.3213667,0.6863791
0.73563325,1.1099123
1.5119,0.6555862
1.7384667,1.3657318
1.5982332,1.5083644
1.6708,1.1809577
0.5027,1.157823
0.38259995,0.43853492
0.4039666,0.41127402
0.41399992,0.4115603
0.4857,0.4084391
0.28163326,0.40746725
0.19709992,0.37686026
0.23706663,0.4338436
0.5294333,0.501846
0.9478333,0.73653185
0.81906664,0.9007732
0.5698333,0.7855443
0.26589996,0.5986407
0.2129333,0.51545316
0.4809333,0.48322976
0.31873327,0.6831459
0.29509997,0.55436563
0.2528,0.53500414
0.33279997,0.5350769
1.6387334,0.5358204
1.0944667,2.2483044
2.3435667,2.198163
1.8975666,1.8262664
0.7172333,1.2361431
0.20766664,0.50202066
0.35776663,0.33960027
0.3307333,0.37439775
0.8504666,0.36188155
0.27186662,0.3995456
0.19509995,0.2877946
0.27953327,0.36135966
0.63019997,0.73880124
2.1169667,1.6827574
1.4034333,1.5883858
1.3784666,1.3369137
1.4202666,1.328495
0.86889994,1.3360041
2.1722665,0.65621984
1.1652666,1.6423639
0.9749333,0.81073713
1.3373333,0.8978471
1.3559,1.0474527
1.4825332,1.0416648
1.1808666,1.3384473
1.3009,1.725276
2.0630667,2.0026653
2.5983667,1.9023173
1.6893666,1.413544
0.6227,0.860981
0.47203326,0.5468883
0.30283332,0.5097396
0.20446664,0.45677412
0.26889998,0.45675445
0.2723,0.4564411
0.91049993,0.4928584
0.61516666,0.92327577
1.8787334,1.6659815
1.3339666,1.6600549
1.3714666,1.2943013
1.0264,1.3041787
0.73423326,0.71758604
0.8323666,0.6722661
0.59286666,0.7524297
0.30463326,0.6361997
0.4209333,0.5530843
0.4111333,0.5924803
0.2477333,0.6590133
0.3106333,0.7400855
0.5627666,0.88259006
2.0710332,1.6324091
2.0067666,2.0269468
1.0306666,1.568943
0.34039992,0.69261736
0.2854333,0.39725524
0.30536664,0.43561047
0.3270666,0.393458
0.26043332,0.39403743
0.76869994,0.43263352
0.39396662,0.45940942
0.57839996,0.9483983
2.0355334,1.6514733
1.8892,1.6887653
1.8499334,1.523785
1.5564001,1.5110434
0.39383328,0.7796761
0.7272666,0.40997088
1.4374666,0.6415123
0.30463326,1.1532662
0.99529994,0.4305737
1.3890333,0.61291623
1.4524333,1.1799768
1.6429999,1.4331996
1.6807,1.710003
2.1387,2.0837028
1.5795666,1.844486
0.8024,1.3241793
0.37846667,0.60193676
0.33206666,0.44314754
0.49589998,0.43951225
0.7034,0.41858
0.2988333,0.33769393
0.20333326,0.39023614
0.26559997,0.47162938
0.73136663,0.8443394
2.5547,1.8612933
1.9102333,1.7855018
1.4231666,1.4644146
1.8184667,1.2699127
0.82006663,1.4122534
1.5701,0.49088073
1.4991,1.2364676
1.4011667,1.1779444
0.6156666,1.057592
0.33389997,0.43095565
0.3684333,0.41869366
0.62573326,0.5904581
1.2010334,1.3974324
0.9679333,2.020094
2.0422335,1.6448424
1.0331,1.2287332
0.9488333,0.6875448
0.4999333,0.61713654
0.32029992,0.41029936
0.3141666,0.34349614
0.2668333,0.33578134
0.20289999,0.36081177
0.7952666,0.41489846
0.7827666,0.6077679
2.1366668,1.2777383
1.4683332,1.6769991
1.3575333,1.2556785
1.2881999,1.2433878
0.39576662,1.1010913
0.5886667,0.41773123
0.81069994,0.5144071
0.98283327,0.59673643
0.26486665,0.86421067
0.66319996,0.39405584
0.7355333,0.5360641
0.83646667,0.6443434
2.0984,1.72877
2.2476,2.548787
1.5723667,1.7891
1.0881666,1.2862414
0.41573328,0.88431996
0.35549992,0.5311317
0.9487333,0.4821772
0.2379666,0.39822924
0.24060708,0.28003818
0.2628386,0.30984658
0.28507012,0.35418206
0.30730158,0.48506188
0.3295331,1.3037615
0.35176456,1.4046904
0.37399608,1.0562124
0.3962276,0.9636378
0.41845906,0.6589159
0.44069052,0.75607824
0.4629221,0.6914191
0.48515356,0.6625359
0.507385,0.5864966
0.5296166,0.56477964
0.55184805,0.5561849
0.5740795,0.58025944
0.596311,0.5964781
0.61854255,0.5222306
0.640774,0.49257678
0.6630055,0.46074957
0.68523705,0.4428901
0.7074685,0.4479987
0.72969997,0.46886104
0.7519315,0.4151888
0.774163,0.43090868
0.79639447,0.4487781
0.818626,0.46797538
0.8408575,0.4939928
0.86308897,0.5301939
0.8853205,0.57746613
0.90755194,0.6328711
0.92978346,0.6826396
0.9520149,0.72404206
0.97424644,0.7583329
0.99647796,0.8025739
1.0187094,0.8348777
1.0409409,0.8302671
1.0631725,0.81469584
1.0854039,0.8311536
1.1076354,0.9090053
1.129867,1.0675857
1.1520984,1.1997224
1.1743299,1.0926732
1.1965615,0.85093164
1.2187929,0.731863
1.2410244,0.69444895
1.2632558,0.8181614
1.2854874,0.9034709
1.3077189,0.9889972
1.3299503,1.0939766
1.3521819,1.2834662
1.3744134,1.4866741
1.3966448,1.5169561
1.4188764,1.3264133
1.4411079,1.2351725
1.4633393,1.2271025
1.4855709,1.255973
1.5078024,1.2683762
1.5300338,1.2644227
1.5522654,1.246483
1.5744967,1.2499841
1.5967283,1.2715168
1.6189599,1.401424
1.6411912,1.4639478
1.6634228,1.506644
1.6856543,1.5672159
1.7078857,1.6289881
1.7301173,1.4645467
1.7523488,1.1416427
1.7745802,1.0990559
1.7968118,1.1230531
1.8190433,1.1891679
1.8412747,1.265013
1.8635063,1.3853848
1.8857378,1.651772
1.9079692,1.8667195
1.9302008,1.8466234
1.9524323,1.7551582
1.9746637,1.7587028
1.9968953,1.7804142
2.019127,1.7975631
2.0413582,1.8005846
2.0635898,1.7850065
2.0858212,1.7597692
2.1080527,1.7416034
2.1302843,1.7681835
2.152516,1.7822775
2.1747472,1.7936125
2.1969786,1.8183732
1.9826334,1.858281
2.0791667,1.8882086
1.0864333,1.5895797
0.9712333,0.90790033
0.9060333,0.8560662
0.7261666,0.85729015
0.84639996,0.72585213
0.5398333,0.41634995
0.35456663,0.35194474
0.36576664,0.65889436
0.7652333,1.198383
2.4926,1.6475196
1.5998666,1.8590188
1.5772667,1.4672763
1.4527,1.4826068
1.4236666,1.4160641
1.0519667,1.3833008
0.39596665,0.73682797
1.1739333,0.5632313
1.6014333,0.75096834
1.4675333,1.4845484
1.4179666,1.4002556
1.231,1.4125371
0.92606664,0.96068573
1.7860667,1.4819157
1.5102667,2.2124064
1.3881999,1.3532463
1.0732666,0.696463
0.49509996,0.50932765
0.6155666,0.5073675
0.60819995,0.42854458
0.4978,0.42728275
0.54829997,0.4852577
0.48079997,0.6160969
0.9968333,1.2135531
2.6383667,2.179132
1.6083,1.8199929
1.3473333,1.4403199
1.4476333,1.3079308
1.1480333,1.3150156
0.5352,0.6586305
0.57113326,0.4946586
0.6650666,0.55635554
0.6374333,0.6947851
0.4538666,0.6686938
0.68439996,0.5607564
2.0233333,1.0814679
0.73043334,2.173576
0.4445333,1.7542801
0.35016662,0.8370018
0.4571666,0.48655772
0.8196333,0.53111666
0.46653324,0.72164327
0.46446663,0.48565876
0.3935333,0.5089139
1.1539667,0.4958862
0.2984333,0.46099007
0.34769994,0.3195694
0.7348666,0.40104628
2.3709,1.1686854
1.4533999,1.7151835
0.4616,1.2116356
0.4330666,0.2858476
1.5200666,0.27920276
2.4493666,1.3096726
1.7681667,1.772752
1.4742666,1.5136951
1.0447667,1.2033634
1.7117666,0.98750746
0.3544333,1.4305532
0.5629,0.45446634
1.1308333,0.5798536
0.79746664,1.6251968
2.1828332,0.8764918
0.6092,1.4562173
0.8958,0.41870922
0.36519998,0.38412142
0.8989666,0.39642894
0.3085333,0.67645067
0.94479996,0.4239617
0.36136663,0.42819202
0.42223328,0.3851781
0.8281666,0.41927457
2.1751666,1.019723
1.8114667,1.7473221
0.49213332,1.6107689
0.41699994,0.52924556
0.80969995,0.5706048
0.5983,0.8725343
0.74863327,0.8266461
1.8700666,1.065657
2.1852334,1.6504292
1.9975667,1.9361336
1.5547667,1.7810732
0.7696666,1.664772
1.5142666,0.9807049
3.9403,1.9398223
3.7497334,2.238987
1.6859,2.1738267
1.6050665,1.1405083
0.37209994,1.0874581
0.36469996,0.3616562
0.44966662,0.4013648
0.44079995,0.36888134
0.34553325,0.38354832
0.38326663,0.38150734
0.3012333,0.44625258
0.61253333,0.7158236
1.1061,1.1829137
2.2385998,0.93071496
2.4140334,1.9107089
3.395,1.7723784
0.9115666,2.4862976
0.49683332,1.0124507
1.9401,0.8059488
1.2537999,1.7019446
0.99906665,0.9840779
0.4815666,0.8343484
0.68033326,0.6370176
2.3235667,1.2411293
3.3895335,2.580942
2.5301666,2.9632607
1.6654,2.1309676
1.4159,0.9801371
0.9609333,0.78725994
0.8806,0.8345517
0.86169994,0.8294621
0.91679996,0.7930907
0.8580666,0.84061164
0.8383,1.111145
1.1786666,1.7987366
2.6861,2.4303958
2.0932667,1.9173075
2.0266,1.6964196
1.3339,1.7576964
0.71016663,1.0302109
2.3162665,0.7207123
0.7096,1.7583413
0.52583325,0.8008653
0.39159995,0.700462
0.39926666,0.66708815
0.41109997,0.68699765
1.7182,0.680515
1.9817,2.2410278
3.0398333,2.6806092
1.7196667,2.9687343
0.54819995,1.1289599
0.49296665,0.6178219
0.8594333,0.5756953
0.5623999,0.43243396
0.35799992,0.3779561
0.3088333,0.36764747
0.37179995,0.3860848
0.43066663,0.492675
0.7420333,1.0800517
2.0004,1.9792244
1.517,1.6963294
1.8256999,1.5438695
1.846,1.7261424
1.7279333,1.6276057
1.7133666,1.6277285
1.4542667,1.6550376
2.0899334,1.3996251
1.9053333,2.3762107
1.0108666,0.93456256
0.6083666,0.88544303
0.7721666,0.9754688
1.6626999,1.7193515
2.6547332,2.3708172
2.0591667,2.3747756
1.4241999,2.0706024
1.0051,1.2107756
0.87506664,0.74077916
0.68056667,0.6809702
0.9842333,0.56071025
0.4594,0.36912793
0.3728,0.32195866
0.39909995,0.35403645
0.75133336,0.59423774
2.5970666,1.6172338
1.6357334,1.8849175
1.5241333,1.5287415
1.1807,1.4999902
0.5537333,0.7923018
0.8957,0.57920593
0.5153333,0.70016354
0.8986666,0.62039393
0.33549994,0.723144
1.0196667,0.5810506
0.6263,0.7194328
0.84646666,0.884443
0.5906,2.0113018
0.32639998,1.7081373
0.6318333,0.7987329
2.0092,0.89214545
1.2147332,1.1211399
1.0243666,0.8339454
0.3856333,0.7698599
0.38966662,0.4030156
0.3555333,0.4238432
0.32149994,0.42749584
0.4098,0.4511853
1.0831666,0.6008405
1.9995334,2.0444965
1.6685333,1.7345779
1.3728333,1.4284555
0.3074333,1.1939374
2.0634665,0.34997016
2.7403333,1.352031
1.7774999,2.1683187
1.4842334,1.5861971
1.5586,1.2483661
0.8323333,1.2592309
0.35849994,0.49515373
1.3070999,0.4670509
1.5182333,1.6428367
2.6653333,2.1652803
2.6905665,1.9526894
1.0739332,1.8661146
0.7777666,0.6235223
0.6089333,0.5109722
0.37006664,0.50234014
0.34419996,0.42820036
0.39343327,0.40311027
0.36926663,0.44800854
0.9103333,0.50252813
1.2194333,0.9362325
2.5051332,2.2760189
1.4521667,1.7706404
1.4495332,1.3077135
1.1779,1.3625313
0.83956665,0.62275094
1.4639,0.5786546
0.8123333,1.1981918
0.5837333,0.52424896
0.538,0.47772694
0.45839995,0.5264828
1.0036,0.5639167
1.0515333,1.3023452
1.6870666,1.9493417
2.4364333,2.4620843
2.3099332,2.7248907
0.65663326,1.1110231
0.5327333,0.4557351
0.52063334,0.40376782
0.46199995,0.45786506
0.44806665,0.46728492
0.4321,0.44193435
0.37166667,0.4476453
0.43496662,0.4517874
0.9831333,0.7496598
2.2699666,1.81237
1.6211667,1.8812224
1.1513666,1.4854743
0.43253332,0.85228497
0.6496666,0.5974952
0.45699996,1.1006976
1.6798333,0.9607889
1.0910333,1.8413894
1.7415667,1.4630202
2.0009,2.111261
1.1672666,2.2478647
1.4580667,1.4047136
1.9979999,1.9668353
1.6389333,2.09121
1.7664666,1.4293907
1.3904333,1.4605474
0.6962333,0.9062593
0.8864,0.5159364
0.46696663,0.6417672
0.5641333,0.43065858
0.44109994,0.4215011
0.6176666,0.42313325
0.4273666,0.4881708
0.43576664,0.5353687
0.70486665,0.6203729
0.93069994,0.73655206
0.9249333,0.8995209
0.87389994,1.0712199
2.3828666,0.95930237
2.1922998,1.9711347
1.5573666,1.954391
1.1002333,1.3767601
0.52629995,0.742861
0.9970333,0.6709066
1.6078666,1.4041687
1.8290666,2.1068263
3.4917998,2.5552967
3.3115,3.1594872
3.9012666,2.7172575
1.9865999,2.9637904
1.1570666,1.4290498
0.5145333,0.7512172
0.44873327,0.4589411
0.5646666,0.42531806
0.4429,0.47323227
0.5548666,0.50319546
0.8807,0.65831685
0.9417333,0.98837197
2.3788333,1.5396868
1.6552999,1.8406466
1.6319666,1.3857846
1.0574332,1.3561289
0.44083327,0.72659767
0.6579666,0.5623055
0.5452333,0.7787411
1.0426667,0.73036456
0.6156666,1.0677754
0.43489993,0.6854559
0.96386665,0.6629237
0.7315999,0.7800549
3.0931664,1.4146551
2.2855668,2.6358943
3.043,1.940398
1.5139999,1.6396112
0.6030333,0.540921
0.39453328,0.3614713
0.3976333,0.4436556
0.4686333,0.55075073
0.3374666,0.48473537
0.33383328,0.53071463
0.45113325,0.66290814
1.1301666,1.3139673
2.5198665,2.2690306
1.7209332,1.829591
1.7519333,1.5533445
1.8285667,1.6045368
0.9488666,1.813775
1.8454,0.7247242
0.85669994,1.5874406
0.45806664,0.6212361
0.5882333,0.55232
0.41599995,0.6452879
0.41026664,0.63756263
2.1127334,0.6732025
2.1564665,2.5571036
1.9101999,2.7130632
1.3085666,1.9860498
1.2893,0.9268284
0.69269997,0.87200224
0.38376665,0.6949701
0.45859998,0.55196303
0.31696665,0.4773242
0.36466664,0.51337165
0.9848,0.5116397
0.46409994,0.4783041
0.9301333,0.9673251
2.8442667,2.1078038
2.3646667,1.919256
1.6671,1.852478
2.0778666,1.5219054
1.5266,1.7196859
1.6007667,1.5269766
1.5731666,1.5078055
1.9104999,1.3994312
1.9113,1.5346105
1.6610999,1.554687
1.5490999,1.6829518
0.9845666,1.6607399
2.0344,1.2112274
2.3769999,2.0422585
2.1648667,2.103572
2.0436,1.9142027
0.37086666,0.90688115
0.37043327,0.41413707
0.4776333,0.45966768
0.34119993,0.44679213
0.3867333,0.46075308
0.37803328,0.44972587
0.43933332,0.47389865
1.1876,0.94452095
2.9720998,1.8671384
1.7274,2.0854542
3.2096,1.3447105
1.8472667,1.9939815
0.9929333,1.4810365
0.9460666,0.84289837
1.2267666,0.87998587
1.9145,1.0200285
0.90379995,1.4398654
0.9570333,0.66746646
0.41783327,0.7913246
1.7473333,0.75016254
4.1177664,2.702124
2.9113,3.4913163
3.2241998,2.4664698
2.3347335,1.9753556
0.5537666,1.435837
0.40123332,0.3875265
0.4129666,0.3503304
0.44096667,0.34845316
0.32879996,0.40988034
0.33223325,0.41839486
0.4362666,0.4268123
1.1134666,0.94332314
2.0124,2.2641118
1.8971999,1.6082257
1.5839666,1.6402361
1.6329333,1.5787702
1.8261,1.4664916
2.0656667,1.402874
1.5737667,1.4434361
1.4675333,1.2491865
0.59486663,1.247447
0.5591999,0.5725564
0.5644333,0.4984283
1.4324666,0.79871833
1.8231666,2.3022938
1.4465333,2.4825854
1.1574999,2.0761008
1.0036333,0.91532695
0.49809998,0.64178336
0.3273666,0.37028873
0.3091333,0.48290324
0.43116665,0.46295238
0.38120002,0.41365921
0.37649995,0.43300724
0.34116662,0.43599522
0.79453325,0.5893898
2.1444,1.2970706
1.9714333,1.8876994
0.9704,1.8075894
1.8662333,1.0226026
1.3443667,1.867754
0.73569995,1.4738209
0.35849994,0.7009928
0.49079996,0.6127762
0.3715666,0.7335465
0.31699997,0.660318
0.4180333,0.55369323
0.33413327,0.6445559
0.37299997,0.5859287
0.8722333,0.63877416
0.38303334,0.54928285
0.41023326,0.5718486
0.34476662,0.48955494
0.3717333,0.43250847
0.3329,0.3988009
0.41259998,0.4658121
0.31309998,0.4920588
0.36276662,0.5146599
0.3623333,0.49248815
1.0407333,0.52082133
0.37269998,0.6609863
0.3803,0.52269185
0.37629998,0.504222
0.32896662,0.47887045
0.3000666,0.45247662
0.31323332,0.4086576
0.36516666,0.41441
0.4965999,0.45701706
0.37656665,0.64634377
1.1914333,0.5873002
0.49259996,0.6499802
0.5668333,0.38142794
2.0301,0.5915133
2.4540334,2.8995674
2.1380668,2.1240735
0.9011,1.6124527
1.1761333,0.58695817
0.5301333,0.63530266
0.38409996,0.37107033
0.3213666,0.40311432
0.3314333,0.43436122
0.43443328,0.48553646
0.3197,0.60087633
0.78959996,1.0468123
2.4543,1.8053474
2.4650998,1.8010442
3.6570668,1.9246757
2.6036,2.3208914
2.8090334,1.9383168
3.8364334,2.2950096
3.2431002,2.4379125
1.9637,2.3690383
0.51806664,1.7765611
0.4604,0.66746736
0.6647333,0.68698406
3.3914666,1.045986
3.7569666,3.0010018
2.67,3.3753805
3.3768997,2.3627343
2.5095,2.0691826
1.7402666,1.8233534
1.5425667,1.2293617
0.68509996,0.9731883
0.3174333,0.353953
0.3078,0.27040297
0.4394666,0.3283378
0.39946663,0.36698085
1.0450333,0.84433484
2.9890332,2.2451587
2.1062,2.1954598
1.7980332,1.6836562
0.5930333,1.5551637
1.8148,0.592178
1.1293,1.6170104
0.5172333,1.0254397
0.40459996,0.65563095
0.40176666,0.6493243
0.47349995,0.6736908
1.1286666,0.7185835
3.5383334,1.7432823
2.9301,2.8884754
2.9603333,2.7484293
2.5300665,2.5553243
1.3266333,2.0289288
0.72113335,1.0577701
1.0303333,0.52036256
0.39339995,0.37554628
0.32939994,0.30007428
0.44256663,0.34566438
0.31929994,0.37602252
0.3124333,0.45037842
0.9232333,1.1269476
2.8660998,2.2512085
1.8684666,2.0841422
1.8460666,1.6414976
2.0108666,1.6518235
1.8959333,1.6858244
1.3926666,1.6945087
0.40853333,0.9221693
0.53006667,0.54487723
0.5278333,0.6799378
0.33186662,0.680532
0.3321333,0.6159188
1.3226666,0.6036588
2.1848001,2.384653
2.2927666,3.0976129
2.8043332,2.0299013
1.6536334,1.646148
0.78,0.649107
0.44679993,0.49293178
0.6637666,0.40526474
0.43786663,0.47120404
0.34063327,0.39181167
0.34099996,0.4554656
1.0228666,0.514933
1.2183666,0.8837799
2.4748666,2.3665283
1.2261666,1.7505803
0.31733328,0.87230974
0.3232333,0.41145676
0.39196664,0.4398316
0.49436665,0.5213808
0.38803327,0.61974
0.47696662,0.5104943
0.32703334,0.53561956
0.9159333,0.596046
0.36683333,0.56157744
1.3011333,0.756474
1.8244333,2.1338525
1.9475666,1.8144912
2.5819666,2.3094049
1.9928666,2.2505853
0.7646333,1.1443796
0.5243666,0.5315999
0.63226664,0.48712945
0.51809996,0.48965847
0.52056664,0.50826913
0.52086663,0.5176357
0.58559996,0.571539
1.7711666,1.302358
2.4587998,2.4861715
1.5222,1.7898209
1.5559332,1.3304968
1.3845999,1.3984064
1.3729999,1.4134746
1.7621666,1.3248652
1.5787,1.5231991
1.4756,1.1555998
0.76699996,1.0946225
1.1825666,0.56921923
0.48209995,0.6439497
0.71369994,0.5515249
1.4246666,1.4416564
1.3845,2.248308
2.2917666,1.9656074
1.0726666,1.328942
0.3119666,0.54831904
1.4291666,0.46199828
0.36633325,0.78799355
0.48646665,0.38699156
0.3881333,0.338023
0.37733328,0.37235707
0.3275333,0.4056133
0.6352999,0.6230227
2.3587332,1.5182714
1.5689332,1.8804958
1.2997667,1.531754
0.42289996,1.1679975
1.0934,0.6546431
2.0735,1.4852438
1.7854667,2.1736403
2.6106,1.9332416
2.4896,1.868825
2.5465,2.1154509
3.2707334,2.4374032
2.5243,2.5925615
1.7952666,3.1194487
1.6554999,2.3695045
3.3083,2.0744412
1.2988333,2.1649547
2.1079998,1.1119944
1.7188666,1.0570967
1.4979333,1.2692186
1.9704,1.1084979
1.7044332,1.3647676
0.8521333,1.2579908
0.37946665,0.52121365
0.36746663,0.5212294
0.38619995,0.5482416
0.6388999,0.5324555
1.1032,0.88612765
1.5886667,0.9837489
1.8669,1.6409552
2.8367333,1.833842
2.8522334,2.1130834
3.7340002,2.4646885
1.7421355,2.5705047
1.4821999,1.2985468
1.9752667,1.5432327
2.5342002,2.2654624
2.5804334,3.1517005
1.3936334,2.712677
1.0190666,1.8136427
2.3188667,1.1213038
1.3281666,1.349388
0.6191666,0.61116785
0.5782666,0.53376895
0.38159996,0.35556716
0.3448333,0.37789422
0.34139997,0.43149418
0.3576666,0.5220989
0.49223334,0.80170304
1.7558333,1.4971938
2.1565332,1.5909891
1.4889333,1.7754916
1.5511,1.3893726
0.7614,1.3145537
0.3275,0.5597367
0.31946665,0.49112833
0.35879993,0.54388964
0.39349997,0.56097245
0.45196664,0.5666611
0.35316664,0.5973005
0.4421,0.67530537
1.4117666,1.009983
1.0943999,1.7291014
0.99469995,1.6886156
1.2006333,1.1483778
1.2112333,0.96353173
0.68909997,0.94549686
0.3165666,0.6216384
1.0714667,0.5467441
0.3536666,0.5109539
0.5006666,0.28849888
0.3230666,0.30478287
0.31646663,0.47074044
0.61496663,0.89685136
0.6816333,1.7481048
1.0353,1.5563567
0.63166666,1.8834233
3.0101,0.7008903
1.1093667,2.3813386
0.4098333,0.9632664
0.3274666,0.5818817
0.33549994,0.63594097
0.35383332,0.66482496
0.5167333,0.6854392
0.34539998,0.91012764
0.29933327,0.6718747
1.0135334,0.6596618
0.3625666,0.5997792
0.48939997,0.43446594
0.6574333,0.39211643
0.78896666,0.57161695
0.70739996,0.73509777
0.8959333,0.49406308
0.37669992,0.39581436
0.32256663,0.4051897
0.3140666,0.40135235
0.39449996,0.44037992
1.7022667,0.5320145
1.8992667,1.4131931
1.5357,1.6267977
1.8381,1.3681362
2.5886,1.9033046
0.3977,2.199801
0.68106663,0.48765075
0.51766664,0.74311376
0.47103333,0.6237078
0.68476665,0.5886228
0.5363,0.8777957
0.5009,0.85720736
0.82759994,1.0709845
1.0392333,0.87480235
0.38156664,0.7727932
0.80869997,0.40898693
0.7940333,0.64096254
2.0628,0.6468327
0.576,1.1383257
0.35203326,0.4048149
0.32826662,0.3800544
0.41796666,0.42382705
0.39539993,0.42535394
0.38419998,0.47944427
0.48639995,0.93663466
0.79093325,1.5349121
1.6559,1.9140129
1.3800666,1.5052923
0.36676663,0.9949001
0.47306663,0.45933032
0.5296666,0.51568425
1.4190333,0.61564016
2.2539,0.9577402
2.0625,2.049273
2.1038666,1.7311876
1.3175333,2.1012013
2.4235,1.7377026
0.5319,2.337438
0.42783326,0.8033831
0.7487999,0.5270261
0.9004333,0.71137524
1.0361999,1.0279129
0.59889996,0.5563845
0.4651,0.39589942
0.31679994,0.40565783
0.31619996,0.47614002
0.38639992,0.48351526
0.5106999,0.4903012
0.30616665,0.6918875
0.4793666,1.1761488
1.4061666,1.5898905
0.52846664,1.1941113
0.61539996,0.47047877
1.0566666,0.72577107
0.8221333,1.3662004
0.7339333,1.0475694
1.3253,0.90897495
0.5244333,1.2723811
0.6262333,0.6712866
1.2063667,0.8547458
1.314,1.9345338
1.5519667,1.4762849
1.6412333,1.8906333
0.9650666,1.8108768
1.3405,1.0492721
1.6557,0.87815523
1.2114667,1.1136491
0.90886664,0.7814771
0.51989996,0.5851013
0.36356664,0.34684634
0.31159997,0.4102683
0.32016665,0.4223274
0.46556664,0.4199053
0.4008333,0.53607583
0.37793332,0.6387232
0.7758666,0.6346542
3.133233,0.91237754
0.905,2.3494086
1.2232666,0.9802207
1.7463999,1.3196288
1.5429,1.6611996
1.6637,1.4762056
1.5299,1.7026215
2.1401668,1.6347594
2.6026332,2.6187632
3.3127003,2.8169818
3.0156002,3.027105
2.8801665,2.643559
2.8712,2.3270364
1.8089666,2.1036415
1.4758999,1.4031665
1.4298999,1.1955374
1.5552332,1.2820812
1.4665,1.5420336
2.9102998,1.5286424
1.9305665,1.9210792
0.32919997,1.0104483
0.35499996,0.52164817
0.3982333,0.49945915
0.5090333,0.48321992
0.31976658,0.6298592
0.33593333,0.63295424
1.1764333,0.66274405
1.5386666,0.91573024
0.59559995,1.2528803
0.34516662,0.57904136
0.45873326,0.5533767
0.3284666,0.5697739
0.36433333,0.57537746
0.39279997,0.5486765
1.2171667,0.5341927
1.3272667,1.3428442
2.038,1.2561857
1.3194,1.5250363
1.4804333,1.2793086
1.2860333,1.1540711
1.0646666,1.1373328
0.3274333,1.1308568
0.45039994,0.5787981
0.40496665,0.5986811
0.3845666,0.71931636
0.3178,0.89135766
1.1984,0.9576644
0.44129997,0.9827086
0.40673327,0.4779868
0.7283333,0.4471379
1.8742666,0.6592696
1.4406999,1.7115276
1.4621667,1.2108873
1.6175,1.2004437
1.4483,1.4955704
0.66163325,1.2393408
0.33193326,0.585905
0.47499996,0.5162487
1.0677333,0.55743563
1.3896666,1.1697534
1.4736333,1.2342091
1.4327333,1.351648
1.2633667,1.5164436
0.39633334,1.4692225
0.33009994,0.5305401
1.4277333,0.6312586
0.37996662,0.8042459
0.40353328,0.46537322
0.4835,0.42894822
0.5343333,0.7045938
1.4453332,0.85983914
0.86536664,1.3593726
0.43026662,0.6539241
0.3439666,0.5207178
0.40273327,0.5675994
0.36106664,0.5917177
0.37656665,0.5826821
0.3728,0.55983603
0.3232,0.55685025
1.1502333,0.596958
0.84089994,0.675629
1.2145,0.8493182
1.3573667,1.0836346
1.429,1.0660638
2.2864666,1.0729821
0.61329997,1.4136817
0.9561666,0.47442645
1.0623,0.715921
0.40226662,0.81425935
0.32999998,0.51594436
0.38843328,0.47488534
0.52633333,0.49570012
1.0215,0.85614413
1.9960666,1.9608378
2.0325,1.716525
1.0415666,1.8031666
0.3885666,0.66057646
0.32889998,0.44684798
0.4435333,0.4979412
0.32583332,0.5322437
0.38909996,0.52263296
0.3891666,0.50404376
0.67906666,0.53951293
0.98109996,0.83261526
1.2301999,1.7925353
1.6190333,0.9588953
3.1431665,1.8716562
0.89979994,1.9275613
0.36706662,0.6080546
0.5018333,0.40169835
0.84229994,0.37220776
0.5743666,0.33299708
0.34276664,0.37253112
0.4557333,0.3886726
0.39526665,0.3765005
0.8127333,0.57552433
2.2722,1.8065293
4.4189,2.0050743
2.2490335,2.3079944
3.6266332,1.8000162
3.2412667,2.1808138
2.1015666,1.8515338
2.1523,1.2408425
0.8233,1.2217894
0.70589995,1.2524308
0.44949996,1.0440378
0.6564666,0.7063539
1.6958666,1.5108323
4.0537667,2.8254507
4.4625998,3.4305115
3.0971665,2.6192656
2.0152667,1.8918265
0.6390333,0.9833441
0.48776662,0.37380362
0.3417666,0.37824935
0.38386667,0.40840924
0.42143327,0.38028044
0.47933328,0.3723989
0.3457666,0.55349916
0.7456,0.8060628
2.7621999,1.9359179
1.8461332,2.316443
1.5481,1.7639191
1.4172333,1.4883903
1.4705,1.4324374
1.7144332,1.38498
1.6336999,1.6100283
1.4995667,1.7247465
1.5889666,1.4647988
0.85246664,1.6004052
0.7742666,1.2230345
1.1301,1.3797203
1.7655001,1.8883748
2.204533,2.3850312
1.8398666,1.6608677
1.3280333,1.3210307
0.3536666,0.854545
0.31849998,0.4384089
0.48493332,0.4483878
1.0021333,0.41604763
0.34649998,0.39716697
0.33843327,0.39727825
0.43973327,0.40880454
0.6567333,0.5156917
2.6104333,1.5637343
2.1137333,1.9784801
1.3695999,1.8501929
1.1997333,1.4398227
2.4701333,1.3800611
1.9629667,2.0808504
1.1770333,1.992439
0.5483333,1.4530358
1.8849,0.8108945
1.7088332,2.2782164
1.5478333,2.5541477
2.0902333,2.3874378
1.8949333,2.748269
1.2521666,1.9036808
1.1034333,1.1076907
1.0556667,0.6674094
0.5132,0.5693733
0.511,0.5364047
0.36049998,0.46135247
0.37623328,0.43431574
0.39909995,0.39171153
0.4824,0.40226418
0.3278333,0.48777092
0.33849996,0.60740054
1.0310999,0.7545006
0.61076665,0.7670601
1.5049666,0.7722498
1.7558333,1.9178987
2.0469332,1.8296057
1.7646,2.057679
1.2351333,1.9450171
1.4556,1.3689876
1.7619,1.5057623
1.2386,2.427617
1.2321333,1.7635477
1.9366,1.986669
1.9461,2.5243468
2.1082335,2.3673358
1.7344333,1.8501508
1.2988333,1.4316423
0.4396,0.7965627
0.3135,0.43892187
0.40163326,0.46275902
0.376,0.44528776
1.0100666,0.41088665
0.3308,0.41812116
0.3314333,0.34364665
0.9282,0.52683985
2.6106668,2.0875657
1.7462,1.8549174
1.4879999,1.5576515
1.3425666,1.4221326
1.3471333,1.3673694
1.5107334,1.3659368
2.0889335,1.3872237
1.2386999,1.626111
0.9437333,0.7113849
0.44696665,0.674942
0.6663333,0.6010283
1.5785999,0.98331094
2.1504333,2.420045
2.5562668,2.7704113
2.6497333,2.343657
1.8272333,1.6326334
0.54179996,1.0359219
0.37689996,0.3870783
0.34789997,0.39410132
0.31756663,0.41798282
0.31586665,0.42187333
0.3116666,0.4133705
0.39126658,0.48611677
1.6285,1.1581192
1.9789667,2.1500316
1.9015334,1.6892769
1.7798333,1.6027322
1.0868334,1.6793003
1.5031999,1.0133879
1.3461334,1.3854362
0.9226,1.1279967
0.5484333,0.7935575
0.48606664,0.64135957
0.6602,0.6438639
2.2828,0.90101266
2.8098333,2.3283157
2.416,2.5629506
3.7866998,2.3295412
2.9360666,2.5827694
2.3407333,1.996652
1.2260333,1.5034741
0.7873333,0.6168049
0.42169994,0.48226422
0.3275333,0.34557706
0.3299333,0.38967252
0.3084666,0.411483
0.34516662,0.49595022
0.7614333,1.218183
2.8744333,1.8175077
2.3632333,2.0370502
1.7860999,1.8955702
3.3720002,1.6133558
3.2857332,2.0576859
1.4770333,1.8888004
2.4002333,1.4647992
2.0136666,1.7205083
1.5725666,1.6044741
1.5676666,1.471199
1.308,1.6028724
1.7590333,1.4696996
0.9631666,2.299055
0.39333332,2.0433795
0.43519998,1.0706396
0.3868333,0.58282423
1.2024333,0.48362583
0.5653333,0.4026906
0.35243332,0.34256864
0.31609994,0.25182146
0.34573334,0.306961
0.36686665,0.3697899
0.3636666,0.36919498
1.1501666,0.44934243
0.6459333,0.8988898
0.8163,1.0119117
1.1073333,1.3050318
1.4271667,1.4673212
2.6264334,1.412877
1.8741333,1.6872834
1.2342,1.0352666
1.7211666,0.817323
2.8895001,1.517426
2.7048001,2.5437272
2.3609,2.6808436
1.5769334,2.3033895
1.6116333,1.8820896
1.8592666,2.0289607
0.8788,1.4566922
0.48406667,0.6672405
0.28099996,0.41378903
0.881,0.4022265
0.26726663,0.36265564
0.35063326,0.28085756
0.32039994,0.2524134
0.27919996,0.32569194
0.28959996,0.40064812
0.65636665,0.46556097
2.694,1.0087034
2.3759,2.092134
1.5554667,1.8276435
1.8644333,1.378003
1.4117333,1.5104637
1.4349333,1.3061596
0.8018333,1.2521136
1.3209333,0.9067258
1.7907666,1.5023316
1.3616667,2.0500808
2.4561,1.9781661
2.2808666,2.517956
2.3919666,2.6426256
1.7533333,2.1179156
1.1149,1.0777078
0.32053334,0.77056026
0.63986665,0.3768016
0.6910333,0.54531616
0.84809995,0.5376506
0.30939996,0.37830228
0.28396666,0.3663447
0.3494333,0.3595844
0.37116665,0.3497277
0.5848,0.384131
2.1325998,1.1062073
1.4960333,1.8158591
0.7291666,1.5138612
0.4220333,1.0527165
1.1491,0.6932213
1.1452999,1.617834
2.062,1.8776332
2.0979333,2.127852
2.1959667,2.6538506
3.2211332,2.963685
2.7615666,3.5862403
1.7153,2.9835238
2.2923331,2.0703495
1.7131667,2.8344579
1.7057999,1.8761125
1.6986333,1.713633
1.7436,1.4912035
1.845,1.379663
1.5677333,1.3687288
1.0019666,1.1989732
0.5980666,0.49045765
0.33706665,0.46033692
0.36503327,0.34406823
0.28716666,0.35767055
0.30586666,0.41774893
0.52803326,0.4203003
1.1209333,0.8987089
1.1384666,1.3111172
1.027,1.1111362
1.3779666,1.3313959
1.2797667,1.4848006
1.4889667,1.5876495
4.1565666,1.6065776
2.8365333,2.6865172
2.3593664,2.991985
2.3845334,2.7590613
1.4889333,2.6702933
2.6314332,1.8678614
2.5521665,2.0044389
0.9064666,1.5437665
0.38816667,0.65368605
0.28103328,0.55662847
0.3460666,0.5255536
0.3284666,0.4379192
0.5818667,0.44462335
0.6005,0.43620235
0.35329998,0.47269428
0.87149996,0.7179558
2.6275334,2.116881
1.5820999,2.1338239
1.3828,1.5037479
1.3088666,1.4333837
1.3804,1.3657109
3.3210669,1.334864
2.8092666,1.9706461
0.4295333,1.6322398
0.38729995,0.50117433
0.51523334,0.5303601
0.8739333,0.78081644
1.3073334,1.6057767
1.5779333,2.3391776
2.9927998,2.571077
1.5087667,2.086636
1.2497,0.87806964
0.5057333,0.5967015
0.32379997,0.44485873
0.2922666,0.41730577
1.0268333,0.4058963
0.30073333,0.3628816
0.27913326,0.28190732
0.33756667,0.3723545
1.2221667,0.85458
2.455233,2.343244
1.6832333,1.7897872
1.5804999,1.5189908
1.4629667,1.4869016
0.9056666,1.553393
0.3705333,0.7630881
0.36646664,0.6087513
0.28203332,0.6195288
0.31459993,0.6178268
0.53909993,0.6379999
1.4056,0.8148359
2.0628667,2.077244
1.9873999,2.2338734
2.1772332,2.3304486
2.530033,1.8579646
0.7507,1.6736994
0.50579995,0.551583
0.36769992,0.45966983
0.2940666,0.40818983
0.3284666,0.4340129
0.32553327,0.43653637
0.58849996,0.49984074
0.74216664,0.56878424
0.92569995,1.348695
2.7571335,2.2571177
1.4536667,2.039699
1.3489333,1.4199247
1.3998333,1.4602653
1.4121,1.4909321
1.5148,1.3911424
0.6901666,1.3906708
0.28029996,0.56608796
0.45989996,0.4595769
0.80006665,0.60174006
1.0461,1.1032659
1.6297333,1.6619748
2.3266668,2.2827458
2.2446666,2.4782672
1.7382666,1.9461803
1.0596,0.86580443
0.6331333,0.69634223
0.44186664,0.4697761
0.39063329,0.38405377
0.5135333,0.42040098
1.0192,0.4412958
0.45959997,0.42364323
0.3853333,0.35217988
0.9687,0.741748
2.6866665,1.9546689
1.5315,2.3196995
1.3510666,1.3399076
1.3487333,1.2983372
1.3437667,1.2785434
1.5857999,1.2213724
0.9234666,1.3207117
0.41346663,0.6722669
0.3256333,0.54661286
0.46526664,0.5519472
0.5778333,0.6507279
2.7284331,0.9637159
2.5739331,2.7618423
2.1646667,2.5687432
1.9349666,1.4636692
0.9224333,1.0530084
0.4793666,0.7285454
0.3419,0.56527257
0.27706665,0.46403337
0.95486665,0.45678777
0.31469995,0.44340092
0.33873326,0.3573361
0.2649333,0.38075048
0.85006666,0.87720704
2.2033,2.3977976
1.4469666,1.6964725
1.3643667,1.2885888
1.3499,1.3306972
1.3954666,1.3432758
1.3907,1.2889551
1.5943999,1.1891443
1.5211,1.3223128
1.6228666,1.322999
1.4697,1.5691593
0.8242667,1.2249607
1.0184666,1.0131173
1.2497666,1.2908939
1.6652666,1.7241764
1.7783666,2.2268162
0.6019666,1.0271547
0.33419997,0.4677611
0.31696665,0.3291554
0.28489995,0.3314296
0.35669994,0.36925107
0.3102666,0.40234172
0.32653326,0.41418785
0.88526666,0.45576197
0.7865666,0.45715702
2.6342335,0.8264184
1.9728333,2.1079004
1.8750666,1.7676072
1.2921333,1.6682751
2.6911335,1.4846065
1.1306,2.0998454
1.298,1.8069808
1.0514333,1.4372908
1.2581667,1.0665371
1.5170333,1.1263816
1.7953,1.6740892
5.6268334,2.2944155
3.2597003,4.267234
2.1171334,3.6613884
1.7741,2.360539
1.3263999,2.1159296
0.7294666,1.0857923
0.51989996,0.5852213
0.29379994,0.523728
0.8967999,0.463798
0.32989997,0.4374076
0.34456664,0.31836808
0.29026663,0.287297
0.33686662,0.3739137
2.0713,0.49387056
1.4247,2.0681508
1.2906333,1.1477294
0.26809996,1.1861327
0.29916662,0.38596255
0.34963328,0.5120952
0.2768666,0.80399
0.28096664,0.53763515
0.2973333,0.52357036
0.3508333,0.58227867
0.72393334,0.7017083
0.45113325,0.73101413
0.2954666,0.59841526
0.6047666,0.53374916
1.2213,0.8848462
1.4937667,1.4254267
0.30316663,0.806813
0.36749995,0.31990474
0.27986664,0.29291016
0.28336662,0.37288862
0.27493328,0.40396363
0.36829996,0.41262728
0.28589994,0.4228946
0.9530333,0.612605
2.137,2.3568203
2.5902333,1.7803433
1.4275999,2.1161242
3.1053667,1.3040094
2.6391335,2.764965
1.8669333,2.232398
1.9867666,1.859092
1.5176666,1.7072761
1.3865666,1.3467407
0.6926333,0.7870952
0.6457666,0.7134032
3.1683002,0.80174327
2.5895,3.053338
1.5825334,2.9139323
2.3887,2.4257755
1.1652,1.5464581
0.32279992,0.59204507
0.36516666,0.47532272
0.29243326,0.3013097
0.28236663,0.36575353
0.2745,0.36630356
0.3601666,0.4185903
0.2802,0.47060007
0.63573325,1.0792776
2.5486,2.0106914
1.7040666,1.8722483
1.4006333,1.5278909
1.5699999,1.5033913
1.7039666,1.6789497
1.0491667,1.7998266
0.8319,0.7945065
1.5486333,0.68458873
0.39999998,0.87631625
0.5092667,0.67745453
0.9787333,0.74864507
1.8400999,1.6838443
2.2212334,2.6276178
2.6366665,3.2823172
1.4262333,2.262222
0.8328,1.0161886
0.5997,0.6066886
0.3583666,0.5144774
0.26529998,0.4374717
0.50209993,0.46470392
0.7512333,0.40504366
0.32029992,0.3720678
0.2844,0.32100946
0.8289666,0.64952195
2.8502333,2.0022178
1.5541666,2.597639
1.3640333,1.4669771
1.3726,1.4817207
1.3923666,1.4943943
1.5837667,1.3921624
1.9610333,1.4268975
2.0177665,1.4550805
1.5020332,1.4890215
0.8740666,1.6141891
1.9389333,1.0114994
2.0611334,1.6608734
1.4982333,2.4538627
2.3128667,2.4863305
1.5683666,1.8942688
0.4221,0.8571627
0.35309994,0.39036983
0.30346668,0.36056364
0.28966665,0.38385415
0.26636666,0.38405704
0.3357333,0.39900345
0.3770666,0.43996197
0.88053334,0.5018173
0.9632,0.50519544
2.6271334,2.331283
1.6294,1.9904528
1.2577,1.2839252
0.6454666,0.77490157
1.0280666,0.6557888
0.49973333,0.8495251
0.3562333,0.6385404
0.30066663,0.49769253
0.333,0.48220795
0.54179996,0.5301986
1.4800999,0.84829664
2.2115998,2.183892
2.3304667,2.5246866
1.6478333,2.44697
1.3429333,1.7890847
1.2475666,1.0219682
0.95699996,0.76084185
0.29429996,0.46293366
0.28099996,0.37880218
0.27343333,0.34675568
0.2983666,0.34078902
0.31403333,0.35871398
0.28256667,0.41207397
1.0087667,0.97678417
2.8839333,2.438694
1.9993,2.0085177
1.8499666,1.6497142
1.3527666,1.5404067
1.3389,1.3392857
1.4902,1.2355359
1.6129333,1.3375955
1.4077666,1.3555405
0.8764333,1.1857104
1.0679333,0.5577843
1.7258999,1.4323506
1.5734667,1.7639289
1.6593332,2.0465033
1.1637,1.9006159
0.93466663,1.2801462
